id,k,phase,label_start_idx,label_tolerance_idx,label_unsure,sequence_match,det_start_idx_same_slot,det_first_start_idx_same_phase,abs_error,scored,hit
19790612,1,decay,13,2,False,True,15,15,2,True,True
19810854,1,mature,49,6,False,True,49,49,0,True,True
19810854,2,decay,61,2,False,True,61,61,0,True,True
19860380,1,mature,8,7,False,True,8,8,0,True,True
19860380,2,decay,15,7,False,True,15,15,0,True,True
19870927,1,intensification,8,5,False,True,8,8,0,True,True
19870927,2,mature,18,5,False,True,18,18,0,True,True
19870927,3,decay,23,5,False,True,23,23,0,True,True
19870927,4,intensification,44,5,False,True,44,8,0,True,True
19870927,5,mature,60,5,False,True,60,18,0,True,True
19870927,6,decay,68,5,False,True,68,23,0,True,True
19940445,1,mature,15,1,False,True,15,15,0,True,True
19940445,2,decay,25,1,False,True,25,25,0,True,True
20050893,1,intensification,4,1,False,False,,0,,False,
20050893,2,mature,31,6,False,False,,31,,False,
20050893,3,decay,45,5,False,False,,41,,False,
20120297,1,mature,6,1,False,True,6,6,0,True,True
20120297,2,decay,10,1,False,True,10,10,0,True,True
20120297,3,residual,20,2,False,True,20,20,0,True,True
20150069,1,mature,29,2,False,True,29,29,0,True,True
20150069,2,decay,46,3,False,True,45,45,1,True,True
20150436,1,intensification,16,4,False,True,20,20,4,True,True
20150436,2,mature,60,4,False,True,58,58,2,True,True
20150436,3,decay,79,5,False,True,74,74,5,True,True
20150528,1,mature,29,2,False,True,28,28,1,True,True
20150528,2,decay,38,3,False,True,37,37,1,True,True
20150532,1,mature,35,1,False,True,33,33,2,True,False
20150532,2,decay,42,1,False,True,43,43,1,True,True
20150656,1,mature,34,3,False,False,,34,,False,
20150656,2,decay,53,3,False,False,,49,,False,
20150656,3,residual,100,13,False,False,,,,False,
20160587,1,intensification,26,1,False,False,,0,,False,
20160587,2,mature,51,2,False,False,,50,,False,
20160587,3,decay,64,6,False,False,,66,,False,
20160735,1,intensification,19,5,False,False,,0,,False,
20160735,2,mature,145,5,False,False,,150,,False,
20160735,3,decay,178,5,False,False,,9,,False,
20170154,1,intensification,6,2,False,True,6,6,0,True,True
20170154,2,mature,31,5,True,True,35,35,4,False,
20170154,3,decay,77,21,True,True,44,44,33,False,
20170342,1,mature,38,5,False,False,,39,,False,
20170342,2,decay,70,5,False,False,,68,,False,
20170409,1,intensification,6,2,False,True,6,6,0,True,True
20170409,2,mature,55,4,False,True,60,60,5,True,False
20170409,3,decay,71,3,False,True,67,67,4,True,False
20170520,1,mature,27,2,False,True,26,26,1,True,True
20170520,2,decay,36,2,False,True,36,36,0,True,True
20170760,1,mature,26,5,False,False,,,,False,
20170760,2,decay,40,3,False,False,,29,,False,
20170794,1,mature,36,5,False,True,37,37,1,True,True
20170794,2,decay,53,5,False,True,49,49,4,True,True
20170794,3,residual,117,5,True,True,119,119,2,False,
20171179,1,intensification,11,1,False,False,,0,,False,
20180170,1,intensification,20,1,True,True,8,8,12,False,
20180170,2,mature,34,1,True,True,36,36,2,False,
20180170,3,decay,43,1,True,True,49,49,6,False,
20180263,1,mature,25,1,False,True,25,25,0,True,True
20180263,2,decay,36,4,False,True,34,34,2,True,True
20180263,3,residual,50,2,False,True,47,47,3,True,False
20180300,1,mature,13,2,False,True,14,14,1,True,True
20180300,2,decay,26,4,False,True,27,27,1,True,True
20180608,1,intensification,37,1,False,True,38,38,1,True,True
20180608,2,mature,61,2,False,True,62,62,1,True,True
20180608,3,decay,74,2,False,True,71,71,3,True,False
20180628,1,intensification,9,1,False,False,,0,,False,
20180628,2,mature,30,3,False,False,,29,,False,
20180628,3,decay,47,5,False,False,,41,,False,
20180628,4,residual,69,5,True,False,,,,False,
20180733,1,mature,129,5,False,False,,31,,False,
20180733,2,decay,151,5,False,False,,44,,False,
20180759,1,intensification,4,1,False,True,4,4,0,True,True
20180759,2,mature,31,5,False,True,28,28,3,True,True
20180759,3,decay,46,4,False,True,48,48,2,True,True
20181046,1,intensification,9,1,False,False,,0,,False,
20190325,1,intensification,10,1,False,False,,9,,False,
20190325,2,mature,95,2,False,False,,100,,False,
20190325,3,decay,110,2,False,False,,64,,False,
20190397,1,intensification,8,1,False,True,2,2,6,True,False
20190397,2,mature,34,1,False,True,28,28,6,True,False
20190397,3,decay,42,1,False,True,43,43,1,True,True
20190639,1,intensification,25,5,False,False,,26,,False,
20190639,2,mature,81,6,False,False,,88,,False,
20190639,3,decay,106,8,False,False,,13,,False,
20190870,1,intensification,12,2,False,True,10,10,2,True,True
20190870,2,mature,37,3,False,True,35,35,2,True,True
20190870,3,decay,54,5,False,True,51,51,3,True,True
20190879,1,mature,30,1,False,True,28,28,2,True,False
20190879,2,decay,40,1,False,True,39,39,1,True,True
20191014,1,mature,43,4,False,False,,45,,False,
20191014,2,decay,69,7,False,False,,60,,False,
20191104,1,mature,26,2,False,True,27,27,1,True,True
20191104,2,decay,44,2,False,True,42,42,2,True,True
20191155,1,mature,33,5,False,False,,30,,False,
20191155,2,decay,47,5,False,False,,49,,False,
20201245,1,mature,40,2,False,True,37,37,3,True,False
20201245,2,decay,52,2,False,True,54,54,2,True,True
20202023,1,intensification,11,1,False,False,,0,,False,
20202023,2,mature,56,1,False,False,,54,,False,
20202023,3,decay,65,1,False,False,,65,,False,
20203947,1,intensification,38,5,False,False,,12,,False,
20203947,2,mature,122,5,False,False,,129,,False,
20203947,3,decay,145,5,False,False,,61,,False,
20203947,4,intensification,165,5,True,False,,12,,False,
20203947,5,mature,178,3,True,False,,129,,False,
20203947,6,decay,189,2,True,False,,61,,False,
20203947,7,residual,205,4,True,False,,203,,False,
20205386,1,intensification,5,1,False,False,,4,,False,
20205386,2,mature,56,1,False,False,,36,,False,
20205386,3,decay,65,1,False,False,,43,,False,
20205386,4,residual,75,3,False,False,,,,False,
20207822,1,mature,44,4,False,True,46,46,2,True,True
20207822,2,decay,71,5,False,True,69,69,2,True,True
s0596ea57,1,intensification,14,3,False,True,10,10,4,True,False
s46657891,1,intensification,3,1,False,True,3,3,0,True,True
s46657891,2,mature,25,2,False,True,26,26,1,True,True
s46657891,3,decay,41,2,False,True,40,40,1,True,True
s4e7ff65c,1,intensification,5,1,False,True,5,5,0,True,True
s4e7ff65c,2,mature,20,2,False,True,21,21,1,True,True
s4e7ff65c,3,decay,36,2,False,True,36,36,0,True,True
s5b8aa46f,1,intensification,11,2,False,True,12,12,1,True,True
s5b8aa46f,2,mature,22,1,False,True,24,24,2,True,False
s5b8aa46f,3,decay,32,1,False,True,32,0,0,True,True
s5b8aa46f,4,residual,49,2,False,True,48,48,1,True,True
s5dcc0f79,1,intensification,4,1,False,True,5,5,1,True,True
s5dcc0f79,2,mature,16,2,False,True,18,18,2,True,True
s5dcc0f79,3,decay,27,2,False,True,26,26,1,True,True
s5dcc0f79,4,residual,44,4,False,True,43,43,1,True,True
s6b1e8245,1,decay,3,1,False,True,2,2,1,True,True
s6b1e8245,2,intensification,18,2,False,True,19,19,1,True,True
s6b1e8245,3,mature,34,2,False,True,35,35,1,True,True
s6b1e8245,4,decay,46,2,False,True,46,2,0,True,True
s6b542eee,1,intensification,2,1,False,True,2,2,0,True,True
s6b542eee,2,mature,12,1,False,True,12,12,0,True,True
s6b542eee,3,decay,19,1,False,True,20,20,1,True,True
s6b542eee,4,intensification,33,2,False,True,33,2,0,True,True
s6b542eee,5,mature,43,1,False,True,44,12,1,True,True
s6b542eee,6,decay,52,2,False,True,52,20,0,True,True
s8001f17b,1,intensification,11,2,False,True,13,13,2,True,True
s8001f17b,2,mature,26,2,False,True,26,26,0,True,True
s8001f17b,3,decay,40,3,False,True,40,0,0,True,True
s9ddbc53c,1,intensification,3,1,False,True,4,4,1,True,True
s9ddbc53c,2,mature,18,2,False,True,18,18,0,True,True
s9ddbc53c,3,decay,26,1,False,True,26,26,0,True,True
s9ddbc53c,4,residual,45,2,False,True,43,43,2,True,True
sbceec644,1,intensification,3,1,False,True,2,2,1,True,True
sbceec644,2,mature,21,2,False,True,20,20,1,True,True
sbceec644,3,decay,34,3,False,True,36,36,2,True,True
sbd6c6920,1,intensification,5,1,False,True,4,4,1,True,True
sbd6c6920,2,mature,13,1,False,True,14,14,1,True,True
sbd6c6920,3,decay,22,1,False,True,21,21,1,True,True
sbd6c6920,4,intensification,33,2,False,True,33,4,0,True,True
sbd6c6920,5,mature,43,1,False,True,45,14,2,True,False
sbd6c6920,6,decay,53,1,False,True,52,21,1,True,True
scfcf1387,1,decay,3,1,False,True,2,2,1,True,True
scfcf1387,2,intensification,16,3,False,True,17,17,1,True,True
scfcf1387,3,mature,29,2,False,True,30,30,1,True,True
scfcf1387,4,decay,39,2,False,True,38,2,1,True,True
scfcf1387,5,residual,54,3,False,True,53,53,1,True,True
