id,population,series_sha256_ok,label_verdict,label_incipient_end_idx,label_tolerance_idx,label_sequence,det_incipient_end_idx,det_sequence,det_phase_starts,C,Q,MAT,incipient_abs_error,n_boundaries_scored,n_boundaries_hit,boundary_abs_errors,boundary_mae
19790612,batch_train,True,boundary,13,2,incipient > decay,15,incipient > decay,incipient@0 decay@15,True,True,,2.0,1,1,decay:2,2.0
19810854,batch_train,True,none,,2,intensification > mature > decay,,intensification > mature > decay,intensification@0 mature@49 decay@61,True,True,True,,2,2,mature:0;decay:0,0.0
19860380,batch_train,True,none,,7,intensification > mature > decay,,intensification > mature > decay,intensification@0 mature@8 decay@15,True,True,True,,2,2,mature:0;decay:0,0.0
19870927,batch_train,True,boundary,8,5,incipient > intensification > mature > decay > intensification > mature > decay,8,incipient > intensification > mature > decay > intensification > mature > decay,incipient@0 intensification@8 mature@18 decay@23 intensification@44 mature@60 decay@68,True,True,True,0.0,6,6,intensification:0;mature:0;decay:0;intensification:0;mature:0;decay:0,0.0
19940445,batch_train,True,none,,2,intensification > mature > decay,,intensification > mature > decay,intensification@0 mature@15 decay@25,True,True,True,,2,2,mature:0;decay:0,0.0
20050893,batch_train,True,boundary,4,1,incipient > intensification > mature > decay,,intensification > mature > decay,intensification@0 mature@31 decay@41,False,False,True,,0,0,,
20120297,batch_train,True,none,,1,intensification > mature > decay > residual,,intensification > mature > decay > residual,intensification@0 mature@6 decay@10 residual@20,True,True,True,,3,3,mature:0;decay:0;residual:0,0.0
20150069,original_real,True,none,,0,intensification > mature > decay,,intensification > mature > decay,intensification@0 mature@29 decay@45,True,True,True,,2,2,mature:0;decay:1,0.5
20150436,original_real,True,boundary,16,4,incipient > intensification > mature > decay,20,incipient > intensification > mature > decay,incipient@0 intensification@20 mature@58 decay@74,True,True,True,4.0,3,3,intensification:4;mature:2;decay:5,3.6666666666666665
20150528,original_real,True,none,,0,intensification > mature > decay,,intensification > mature > decay,intensification@0 mature@28 decay@37,True,True,True,,2,2,mature:1;decay:1,1.0
20150532,original_real,True,none,,0,intensification > mature > decay,,intensification > mature > decay,intensification@0 mature@33 decay@43,True,True,True,,2,1,mature:2;decay:1,1.5
20150656,original_real,True,none,,0,intensification > mature > decay > residual,,intensification > mature > decay > intensification > mature > decay,intensification@0 mature@34 decay@49 intensification@86 mature@140 decay@148,True,False,True,,0,0,,
20160587,original_real,True,boundary,26,1,incipient > intensification > mature > decay,,intensification > mature > decay,intensification@0 mature@50 decay@66,False,False,True,,0,0,,
20160735,original_real,True,boundary,19,5,incipient > intensification > mature > decay,,intensification > decay > intensification > decay > intensification > mature > decay > residual,intensification@0 decay@9 intensification@22 decay@59 intensification@122 mature@150 decay@182 residual@211,False,False,True,,0,0,,
20170154,original_real,True,ambiguous,,2,incipient > intensification > mature > decay,6,incipient > intensification > mature > decay,incipient@0 intensification@6 mature@35 decay@44,,True,False,,1,1,intensification:0,0.0
20170342,original_real,True,none,,0,intensification > mature > decay,,intensification > mature > decay > residual,intensification@0 mature@39 decay@68 residual@103,True,False,True,,0,0,,
20170409,original_real,True,boundary,6,2,incipient > intensification > mature > decay,6,incipient > intensification > mature > decay,incipient@0 intensification@6 mature@60 decay@67,True,True,True,0.0,3,1,intensification:0;mature:5;decay:4,3.0
20170520,original_real,True,none,,0,intensification > mature > decay,,intensification > mature > decay,intensification@0 mature@26 decay@36,True,True,True,,2,2,mature:1;decay:0,0.5
20170760,original_real,True,ambiguous,,0,intensification > mature > decay,,intensification > decay,intensification@0 decay@29,,False,False,,0,0,,
20170794,original_real,True,none,,0,intensification > mature > decay > residual,,intensification > mature > decay > residual,intensification@0 mature@37 decay@49 residual@119,True,True,True,,2,2,mature:1;decay:4,2.5
20171179,original_real,True,boundary,11,1,incipient > intensification,,intensification > mature > decay,intensification@0 mature@36 decay@49,False,False,,,0,0,,
20180170,original_real,True,ambiguous,,1,incipient > intensification > mature > decay,8,incipient > intensification > mature > decay,incipient@0 intensification@8 mature@36 decay@49,,True,True,,0,0,,
20180263,original_real,True,none,,0,intensification > mature > decay > residual,,intensification > mature > decay > residual,intensification@0 mature@25 decay@34 residual@47,True,True,True,,3,2,mature:0;decay:2;residual:3,1.6666666666666667
20180300,original_real,True,none,,0,intensification > mature > decay,,intensification > mature > decay,intensification@0 mature@14 decay@27,True,True,True,,2,2,mature:1;decay:1,1.0
20180608,original_real,True,boundary,37,1,incipient > intensification > mature > decay,38,incipient > intensification > mature > decay,incipient@0 intensification@38 mature@62 decay@71,True,True,True,1.0,3,2,intensification:1;mature:1;decay:3,1.6666666666666667
20180628,original_real,True,boundary,9,1,incipient > intensification > mature > decay > residual,,intensification > mature > decay > intensification > mature > decay,intensification@0 mature@29 decay@41 intensification@61 mature@70 decay@76,False,False,True,,0,0,,
20180733,original_real,True,none,,0,intensification > mature > decay,,intensification > mature > decay > intensification > mature > decay,intensification@0 mature@31 decay@44 intensification@101 mature@135 decay@147,True,False,True,,0,0,,
20180759,original_real,True,boundary,4,1,incipient > intensification > mature > decay,4,incipient > intensification > mature > decay,incipient@0 intensification@4 mature@28 decay@48,True,True,True,0.0,3,3,intensification:0;mature:3;decay:2,1.6666666666666667
20181046,original_real,True,boundary,9,1,incipient > intensification,,intensification > mature > decay,intensification@0 mature@19 decay@27,False,False,,,0,0,,
20190325,original_real,True,boundary,10,1,incipient > intensification > mature > decay,9,incipient > intensification > decay > intensification > mature > decay,incipient@0 intensification@9 decay@64 intensification@88 mature@100 decay@106,True,False,True,1.0,0,0,,
20190397,original_real,True,boundary,8,1,incipient > intensification > mature > decay,2,incipient > intensification > mature > decay,incipient@0 intensification@2 mature@28 decay@43,False,True,True,6.0,3,1,intensification:6;mature:6;decay:1,4.333333333333333
20190639,original_real,True,boundary,25,5,incipient > intensification > mature > decay,13,incipient > decay > intensification > mature > decay,incipient@0 decay@13 intensification@26 mature@88 decay@105,False,False,False,12.0,0,0,,
20190870,original_real,True,boundary,12,2,incipient > intensification > mature > decay,10,incipient > intensification > mature > decay,incipient@0 intensification@10 mature@35 decay@51,True,True,True,2.0,3,3,intensification:2;mature:2;decay:3,2.3333333333333335
20190879,original_real,True,none,,0,intensification > mature > decay,,intensification > mature > decay,intensification@0 mature@28 decay@39,True,True,True,,2,1,mature:2;decay:1,1.5
20191014,original_real,True,none,,0,intensification > mature > decay,9,incipient > intensification > mature > decay > residual,incipient@0 intensification@9 mature@45 decay@60 residual@124,False,False,False,,0,0,,
20191104,original_real,True,none,,0,intensification > mature > decay,,intensification > mature > decay,intensification@0 mature@27 decay@42,True,True,True,,2,2,mature:1;decay:2,1.5
20191155,original_real,True,none,,0,intensification > mature > decay,1,incipient > intensification > mature > decay,incipient@0 intensification@1 mature@30 decay@49,False,False,True,,0,0,,
20201245,original_real,True,none,,0,intensification > mature > decay,,intensification > mature > decay,intensification@0 mature@37 decay@54,True,True,True,,2,1,mature:3;decay:2,2.5
20202023,original_real,True,boundary,11,1,incipient > intensification > mature > decay,,intensification > mature > decay,intensification@0 mature@54 decay@65,False,False,True,,0,0,,
20203947,original_real,True,boundary,38,5,incipient > intensification > mature > decay > intensification > mature > decay > residual,12,incipient > intensification > decay > intensification > decay > intensification > mature > decay > intensification > mature > decay > residual,incipient@0 intensification@12 decay@61 intensification@75 decay@90 intensification@107 mature@129 decay@137 intensification@160 mature@181 decay@189 residual@203,False,False,False,26.0,0,0,,
20205386,original_real,True,boundary,5,1,incipient > intensification > mature > decay > residual,4,incipient > intensification > mature > decay > intensification > mature > decay > intensification > mature > decay,incipient@0 intensification@4 mature@36 decay@43 intensification@52 mature@60 decay@64 intensification@71 mature@80 decay@86,True,False,True,1.0,0,0,,
20207822,original_real,True,none,,0,intensification > mature > decay,,intensification > mature > decay,intensification@0 mature@46 decay@69,True,True,True,,2,2,mature:2;decay:2,2.0
s0596ea57,synthetic,True,boundary,14,3,incipient > intensification,10,incipient > intensification,incipient@0 intensification@10,False,True,,4.0,1,0,intensification:4,4.0
s46657891,synthetic,True,boundary,3,1,incipient > intensification > mature > decay,3,incipient > intensification > mature > decay,incipient@0 intensification@3 mature@26 decay@40,True,True,True,0.0,3,3,intensification:0;mature:1;decay:1,0.6666666666666666
s4e7ff65c,synthetic,True,boundary,5,1,incipient > intensification > mature > decay,5,incipient > intensification > mature > decay,incipient@0 intensification@5 mature@21 decay@36,True,True,True,0.0,3,3,intensification:0;mature:1;decay:0,0.3333333333333333
s5b8aa46f,synthetic,True,none,,0,decay > intensification > mature > decay > residual,,decay > intensification > mature > decay > residual,decay@0 intensification@12 mature@24 decay@32 residual@48,True,True,True,,4,3,intensification:1;mature:2;decay:0;residual:1,1.0
s5dcc0f79,synthetic,True,boundary,4,1,incipient > intensification > mature > decay > residual,5,incipient > intensification > mature > decay > residual,incipient@0 intensification@5 mature@18 decay@26 residual@43,True,True,True,1.0,4,4,intensification:1;mature:2;decay:1;residual:1,1.25
s6b1e8245,synthetic,True,boundary,3,1,incipient > decay > intensification > mature > decay,2,incipient > decay > intensification > mature > decay,incipient@0 decay@2 intensification@19 mature@35 decay@46,True,True,True,1.0,4,4,decay:1;intensification:1;mature:1;decay:0,0.75
s6b542eee,synthetic,True,boundary,2,1,incipient > intensification > mature > decay > intensification > mature > decay,2,incipient > intensification > mature > decay > intensification > mature > decay,incipient@0 intensification@2 mature@12 decay@20 intensification@33 mature@44 decay@52,True,True,True,0.0,6,6,intensification:0;mature:0;decay:1;intensification:0;mature:1;decay:0,0.3333333333333333
s8001f17b,synthetic,True,none,,0,decay > intensification > mature > decay,,decay > intensification > mature > decay,decay@0 intensification@13 mature@26 decay@40,True,True,True,,3,3,intensification:2;mature:0;decay:0,0.6666666666666666
s9ddbc53c,synthetic,True,boundary,3,1,incipient > intensification > mature > decay > residual,4,incipient > intensification > mature > decay > residual,incipient@0 intensification@4 mature@18 decay@26 residual@43,True,True,True,1.0,4,4,intensification:1;mature:0;decay:0;residual:2,0.75
sbceec644,synthetic,True,boundary,3,1,incipient > intensification > mature > decay,2,incipient > intensification > mature > decay,incipient@0 intensification@2 mature@20 decay@36,True,True,True,1.0,3,3,intensification:1;mature:1;decay:2,1.3333333333333333
sbd6c6920,synthetic,True,boundary,5,1,incipient > intensification > mature > decay > intensification > mature > decay,4,incipient > intensification > mature > decay > intensification > mature > decay,incipient@0 intensification@4 mature@14 decay@21 intensification@33 mature@45 decay@52,True,True,True,1.0,6,5,intensification:1;mature:1;decay:1;intensification:0;mature:2;decay:1,1.0
scfcf1387,synthetic,True,boundary,3,1,incipient > decay > intensification > mature > decay > residual,2,incipient > decay > intensification > mature > decay > residual,incipient@0 decay@2 intensification@17 mature@30 decay@38 residual@53,True,True,True,1.0,5,5,decay:1;intensification:1;mature:1;decay:1;residual:1,1.0
