parameter,base_config,kind,status,kwarg,n_values_swept,inert,n_tracks_changed,n_changed_observations,n_skipped_observations,n_unevaluable_tracks,changed_tracks,category
cutoff_low,default,pv,TESTED_CURATED,cutoff_low,13,False,51,612,0,0,20150069;20150377;20150436;20150528;20150532;20150561;20150646;20150656;20150746;20160030;20160587;20160735;20170154;20170225;20170342;20170409;20170520;20170587;20170756;20170760;20170794;20170899;20171179;20180129;20180170;20180263;20180300;20180608;20180628;20180654;20180733;20180759;20181046;20190325;20190397;20190639;20190691;20190870;20190879;20191014;20191104;20191155;20201245;20202023;20203373;20203389;20203947;20204655;20205386;20206498;20207822,
cutoff_low,nofilter,pv,TESTED_CURATED,cutoff_low,13,True,0,0,0,0,,POR_DESENHO
cutoff_low,nosmoothing,pv,TESTED_NEW,cutoff_low,13,False,51,612,0,0,20150069;20150377;20150436;20150528;20150532;20150561;20150646;20150656;20150746;20160030;20160587;20160735;20170154;20170225;20170342;20170409;20170520;20170587;20170756;20170760;20170794;20170899;20171179;20180129;20180170;20180263;20180300;20180608;20180628;20180654;20180733;20180759;20181046;20190325;20190397;20190639;20190691;20190870;20190879;20191014;20191104;20191155;20201245;20202023;20203373;20203389;20203947;20204655;20205386;20206498;20207822,
cutoff_low,manual_sm,pv,TESTED_NEW,cutoff_low,13,False,51,612,0,0,20150069;20150377;20150436;20150528;20150532;20150561;20150646;20150656;20150746;20160030;20160587;20160735;20170154;20170225;20170342;20170409;20170520;20170587;20170756;20170760;20170794;20170899;20171179;20180129;20180170;20180263;20180300;20180608;20180628;20180654;20180733;20180759;20181046;20190325;20190397;20190639;20190691;20190870;20190879;20191014;20191104;20191155;20201245;20202023;20203373;20203389;20203947;20204655;20205386;20206498;20207822,
cutoff_low,manual_sm2,pv,TESTED_NEW,cutoff_low,13,False,51,612,0,0,20150069;20150377;20150436;20150528;20150532;20150561;20150646;20150656;20150746;20160030;20160587;20160735;20170154;20170225;20170342;20170409;20170520;20170587;20170756;20170760;20170794;20170899;20171179;20180129;20180170;20180263;20180300;20180608;20180628;20180654;20180733;20180759;20181046;20190325;20190397;20190639;20190691;20190870;20190879;20191014;20191104;20191155;20201245;20202023;20203373;20203389;20203947;20204655;20205386;20206498;20207822,
cutoff_low,mature_derivative,pv,SKIPPED_REDUNDANT,cutoff_low,,,,,,,,
cutoff_low,mature_amplitude,pv,SKIPPED_REDUNDANT,cutoff_low,,,,,,,,
cutoff_low,plateau_single_derivative,pv,SKIPPED_REDUNDANT,cutoff_low,,,,,,,,
cutoff_low,plateau_single_vorticity,pv,SKIPPED_REDUNDANT,cutoff_low,,,,,,,,
cutoff_low,plateau_sustained_derivative,pv,SKIPPED_REDUNDANT,cutoff_low,,,,,,,,
cutoff_low,plateau_sustained_vorticity,pv,SKIPPED_REDUNDANT,cutoff_low,,,,,,,,
cutoff_low,extrema_prominence_on,pv,SKIPPED_REDUNDANT,cutoff_low,,,,,,,,
cutoff_low,extrema_distance_on,pv,SKIPPED_REDUNDANT,cutoff_low,,,,,,,,
cutoff_low,decay_tail_on,pv,SKIPPED_REDUNDANT,cutoff_low,,,,,,,,
cutoff_high,default,pv,TESTED_CURATED,cutoff_high,15,False,48,600,0,0,20150377;20150436;20150528;20150532;20150561;20150646;20150656;20150746;20160030;20160587;20160735;20170154;20170225;20170342;20170409;20170587;20170756;20170760;20170794;20170899;20171179;20180129;20180170;20180263;20180300;20180608;20180628;20180654;20180733;20180759;20190325;20190397;20190639;20190691;20190870;20190879;20191014;20191104;20191155;20201245;20202023;20203373;20203389;20203947;20204655;20205386;20206498;20207822,
cutoff_high,nofilter,pv,TESTED_CURATED,cutoff_high,15,True,0,0,0,0,,POR_DESENHO
cutoff_high,nosmoothing,pv,TESTED_NEW,cutoff_high,15,False,51,710,0,0,20150069;20150377;20150436;20150528;20150532;20150561;20150646;20150656;20150746;20160030;20160587;20160735;20170154;20170225;20170342;20170409;20170520;20170587;20170756;20170760;20170794;20170899;20171179;20180129;20180170;20180263;20180300;20180608;20180628;20180654;20180733;20180759;20181046;20190325;20190397;20190639;20190691;20190870;20190879;20191014;20191104;20191155;20201245;20202023;20203373;20203389;20203947;20204655;20205386;20206498;20207822,
cutoff_high,manual_sm,pv,TESTED_NEW,cutoff_high,15,False,50,686,0,0,20150069;20150377;20150436;20150528;20150532;20150561;20150646;20150656;20150746;20160030;20160587;20160735;20170154;20170225;20170342;20170409;20170520;20170587;20170756;20170760;20170794;20170899;20171179;20180129;20180170;20180263;20180300;20180608;20180628;20180654;20180733;20180759;20190325;20190397;20190639;20190691;20190870;20190879;20191014;20191104;20191155;20201245;20202023;20203373;20203389;20203947;20204655;20205386;20206498;20207822,
cutoff_high,manual_sm2,pv,TESTED_NEW,cutoff_high,15,False,49,645,0,0,20150069;20150377;20150436;20150528;20150532;20150561;20150646;20150656;20150746;20160030;20160587;20160735;20170154;20170225;20170342;20170409;20170587;20170756;20170760;20170794;20170899;20171179;20180129;20180170;20180263;20180300;20180608;20180628;20180654;20180733;20180759;20190325;20190397;20190639;20190691;20190870;20190879;20191014;20191104;20191155;20201245;20202023;20203373;20203389;20203947;20204655;20205386;20206498;20207822,
cutoff_high,mature_derivative,pv,SKIPPED_REDUNDANT,cutoff_high,,,,,,,,
cutoff_high,mature_amplitude,pv,SKIPPED_REDUNDANT,cutoff_high,,,,,,,,
cutoff_high,plateau_single_derivative,pv,SKIPPED_REDUNDANT,cutoff_high,,,,,,,,
cutoff_high,plateau_single_vorticity,pv,SKIPPED_REDUNDANT,cutoff_high,,,,,,,,
cutoff_high,plateau_sustained_derivative,pv,SKIPPED_REDUNDANT,cutoff_high,,,,,,,,
cutoff_high,plateau_sustained_vorticity,pv,SKIPPED_REDUNDANT,cutoff_high,,,,,,,,
cutoff_high,extrema_prominence_on,pv,SKIPPED_REDUNDANT,cutoff_high,,,,,,,,
cutoff_high,extrema_distance_on,pv,SKIPPED_REDUNDANT,cutoff_high,,,,,,,,
cutoff_high,decay_tail_on,pv,SKIPPED_REDUNDANT,cutoff_high,,,,,,,,
boundary_padding,default,pv,TESTED_CURATED,boundary_padding,3,False,49,96,0,0,20150069;20150377;20150436;20150528;20150532;20150561;20150646;20150656;20150746;20160030;20160587;20160735;20170154;20170225;20170342;20170520;20170587;20170756;20170760;20170794;20170899;20171179;20180129;20180170;20180263;20180300;20180608;20180628;20180733;20180759;20181046;20190325;20190397;20190639;20190691;20190870;20190879;20191014;20191104;20191155;20201245;20202023;20203373;20203389;20203947;20204655;20205386;20206498;20207822,
boundary_padding,nofilter,pv,TESTED_CURATED,boundary_padding,3,True,0,0,0,0,,POR_DESENHO
boundary_padding,nosmoothing,pv,TESTED_NEW,boundary_padding,3,False,49,96,0,0,20150069;20150377;20150436;20150532;20150561;20150646;20150656;20150746;20160030;20160587;20160735;20170154;20170225;20170342;20170409;20170520;20170587;20170756;20170760;20170794;20170899;20171179;20180170;20180263;20180300;20180608;20180628;20180654;20180733;20180759;20181046;20190325;20190397;20190639;20190691;20190870;20190879;20191014;20191104;20191155;20201245;20202023;20203373;20203389;20203947;20204655;20205386;20206498;20207822,
boundary_padding,manual_sm,pv,TESTED_NEW,boundary_padding,3,False,51,98,0,0,20150069;20150377;20150436;20150528;20150532;20150561;20150646;20150656;20150746;20160030;20160587;20160735;20170154;20170225;20170342;20170409;20170520;20170587;20170756;20170760;20170794;20170899;20171179;20180129;20180170;20180263;20180300;20180608;20180628;20180654;20180733;20180759;20181046;20190325;20190397;20190639;20190691;20190870;20190879;20191014;20191104;20191155;20201245;20202023;20203373;20203389;20203947;20204655;20205386;20206498;20207822,
boundary_padding,manual_sm2,pv,TESTED_NEW,boundary_padding,3,False,46,90,0,0,20150069;20150528;20150532;20150561;20150646;20150656;20150746;20160030;20160587;20160735;20170154;20170225;20170342;20170520;20170587;20170756;20170760;20170794;20170899;20171179;20180129;20180170;20180263;20180300;20180608;20180628;20180733;20180759;20181046;20190325;20190397;20190639;20190691;20190870;20190879;20191014;20191104;20191155;20201245;20202023;20203373;20203389;20203947;20205386;20206498;20207822,
boundary_padding,mature_derivative,pv,SKIPPED_REDUNDANT,boundary_padding,,,,,,,,
boundary_padding,mature_amplitude,pv,SKIPPED_REDUNDANT,boundary_padding,,,,,,,,
boundary_padding,plateau_single_derivative,pv,SKIPPED_REDUNDANT,boundary_padding,,,,,,,,
boundary_padding,plateau_single_vorticity,pv,SKIPPED_REDUNDANT,boundary_padding,,,,,,,,
boundary_padding,plateau_sustained_derivative,pv,SKIPPED_REDUNDANT,boundary_padding,,,,,,,,
boundary_padding,plateau_sustained_vorticity,pv,SKIPPED_REDUNDANT,boundary_padding,,,,,,,,
boundary_padding,extrema_prominence_on,pv,SKIPPED_REDUNDANT,boundary_padding,,,,,,,,
boundary_padding,extrema_distance_on,pv,SKIPPED_REDUNDANT,boundary_padding,,,,,,,,
boundary_padding,decay_tail_on,pv,SKIPPED_REDUNDANT,boundary_padding,,,,,,,,
sm_val,default,pv,TESTED_NEW,use_smoothing,29,False,50,1076,0,0,20150069;20150377;20150436;20150528;20150532;20150561;20150646;20150656;20150746;20160030;20160587;20160735;20170154;20170225;20170342;20170409;20170520;20170587;20170756;20170760;20170794;20170899;20171179;20180129;20180170;20180263;20180300;20180608;20180628;20180654;20180733;20180759;20190325;20190397;20190639;20190691;20190870;20190879;20191014;20191104;20191155;20201245;20202023;20203373;20203389;20203947;20204655;20205386;20206498;20207822,
sm_val,nofilter,pv,TESTED_NEW,use_smoothing,29,False,51,1408,0,0,20150069;20150377;20150436;20150528;20150532;20150561;20150646;20150656;20150746;20160030;20160587;20160735;20170154;20170225;20170342;20170409;20170520;20170587;20170756;20170760;20170794;20170899;20171179;20180129;20180170;20180263;20180300;20180608;20180628;20180654;20180733;20180759;20181046;20190325;20190397;20190639;20190691;20190870;20190879;20191014;20191104;20191155;20201245;20202023;20203373;20203389;20203947;20204655;20205386;20206498;20207822,
sm_val,nosmoothing,pv,TESTED_NEW,use_smoothing,29,False,50,974,0,0,20150069;20150377;20150436;20150528;20150532;20150561;20150646;20150656;20150746;20160030;20160587;20160735;20170154;20170225;20170342;20170409;20170520;20170587;20170756;20170760;20170794;20170899;20171179;20180129;20180170;20180263;20180300;20180608;20180628;20180654;20180733;20180759;20190325;20190397;20190639;20190691;20190870;20190879;20191014;20191104;20191155;20201245;20202023;20203373;20203389;20203947;20204655;20205386;20206498;20207822,
sm_val,manual_sm,pv,TESTED_CURATED,use_smoothing,29,False,50,1076,0,0,20150069;20150377;20150436;20150528;20150532;20150561;20150646;20150656;20150746;20160030;20160587;20160735;20170154;20170225;20170342;20170409;20170520;20170587;20170756;20170760;20170794;20170899;20171179;20180129;20180170;20180263;20180300;20180608;20180628;20180654;20180733;20180759;20190325;20190397;20190639;20190691;20190870;20190879;20191014;20191104;20191155;20201245;20202023;20203373;20203389;20203947;20204655;20205386;20206498;20207822,
sm_val,manual_sm2,pv,TESTED_NEW,use_smoothing,29,False,50,943,0,0,20150069;20150377;20150436;20150528;20150532;20150561;20150646;20150656;20150746;20160030;20160587;20160735;20170154;20170225;20170342;20170409;20170520;20170587;20170756;20170760;20170794;20170899;20171179;20180129;20180170;20180263;20180300;20180608;20180628;20180654;20180733;20180759;20190325;20190397;20190639;20190691;20190870;20190879;20191014;20191104;20191155;20201245;20202023;20203373;20203389;20203947;20204655;20205386;20206498;20207822,
sm_val,mature_derivative,pv,SKIPPED_REDUNDANT,use_smoothing,,,,,,,,
sm_val,mature_amplitude,pv,SKIPPED_REDUNDANT,use_smoothing,,,,,,,,
sm_val,plateau_single_derivative,pv,SKIPPED_REDUNDANT,use_smoothing,,,,,,,,
sm_val,plateau_single_vorticity,pv,SKIPPED_REDUNDANT,use_smoothing,,,,,,,,
sm_val,plateau_sustained_derivative,pv,SKIPPED_REDUNDANT,use_smoothing,,,,,,,,
sm_val,plateau_sustained_vorticity,pv,SKIPPED_REDUNDANT,use_smoothing,,,,,,,,
sm_val,extrema_prominence_on,pv,SKIPPED_REDUNDANT,use_smoothing,,,,,,,,
sm_val,extrema_distance_on,pv,SKIPPED_REDUNDANT,use_smoothing,,,,,,,,
sm_val,decay_tail_on,pv,SKIPPED_REDUNDANT,use_smoothing,,,,,,,,
sm2_val,default,pv,TESTED_NEW,use_smoothing_twice,29,False,47,714,0,0,20150069;20150377;20150528;20150532;20150561;20150646;20150656;20150746;20160587;20160735;20170154;20170225;20170342;20170409;20170520;20170587;20170756;20170760;20170794;20170899;20171179;20180129;20180170;20180263;20180300;20180608;20180628;20180654;20180733;20180759;20190325;20190397;20190639;20190691;20190870;20190879;20191014;20191104;20191155;20201245;20202023;20203373;20203389;20203947;20204655;20205386;20206498,
sm2_val,nofilter,pv,TESTED_NEW,use_smoothing_twice,29,False,51,1056,0,0,20150069;20150377;20150436;20150528;20150532;20150561;20150646;20150656;20150746;20160030;20160587;20160735;20170154;20170225;20170342;20170409;20170520;20170587;20170756;20170760;20170794;20170899;20171179;20180129;20180170;20180263;20180300;20180608;20180628;20180654;20180733;20180759;20181046;20190325;20190397;20190639;20190691;20190870;20190879;20191014;20191104;20191155;20201245;20202023;20203373;20203389;20203947;20204655;20205386;20206498;20207822,
sm2_val,nosmoothing,pv,TESTED_NEW,use_smoothing_twice,29,True,0,0,0,0,,POR_DESENHO
sm2_val,manual_sm,pv,TESTED_NEW,use_smoothing_twice,29,False,50,859,0,0,20150069;20150377;20150436;20150528;20150532;20150561;20150646;20150656;20150746;20160030;20160587;20160735;20170154;20170225;20170342;20170409;20170520;20170587;20170756;20170760;20170794;20170899;20171179;20180129;20180170;20180263;20180300;20180608;20180628;20180654;20180733;20180759;20190325;20190397;20190639;20190691;20190870;20190879;20191014;20191104;20191155;20201245;20202023;20203373;20203389;20203947;20204655;20205386;20206498;20207822,
sm2_val,manual_sm2,pv,TESTED_CURATED,use_smoothing_twice,29,False,47,714,0,0,20150069;20150377;20150528;20150532;20150561;20150646;20150656;20150746;20160587;20160735;20170154;20170225;20170342;20170409;20170520;20170587;20170756;20170760;20170794;20170899;20171179;20180129;20180170;20180263;20180300;20180608;20180628;20180654;20180733;20180759;20190325;20190397;20190639;20190691;20190870;20190879;20191014;20191104;20191155;20201245;20202023;20203373;20203389;20203947;20204655;20205386;20206498,
sm2_val,mature_derivative,pv,SKIPPED_REDUNDANT,use_smoothing_twice,,,,,,,,
sm2_val,mature_amplitude,pv,SKIPPED_REDUNDANT,use_smoothing_twice,,,,,,,,
sm2_val,plateau_single_derivative,pv,SKIPPED_REDUNDANT,use_smoothing_twice,,,,,,,,
sm2_val,plateau_single_vorticity,pv,SKIPPED_REDUNDANT,use_smoothing_twice,,,,,,,,
sm2_val,plateau_sustained_derivative,pv,SKIPPED_REDUNDANT,use_smoothing_twice,,,,,,,,
sm2_val,plateau_sustained_vorticity,pv,SKIPPED_REDUNDANT,use_smoothing_twice,,,,,,,,
sm2_val,extrema_prominence_on,pv,SKIPPED_REDUNDANT,use_smoothing_twice,,,,,,,,
sm2_val,extrema_distance_on,pv,SKIPPED_REDUNDANT,use_smoothing_twice,,,,,,,,
sm2_val,decay_tail_on,pv,SKIPPED_REDUNDANT,use_smoothing_twice,,,,,,,,
replace_endpoints,default,pv,TESTED_CURATED,replace_endpoints_with_lowpass,49,False,51,2443,0,0,20150069;20150377;20150436;20150528;20150532;20150561;20150646;20150656;20150746;20160030;20160587;20160735;20170154;20170225;20170342;20170409;20170520;20170587;20170756;20170760;20170794;20170899;20171179;20180129;20180170;20180263;20180300;20180608;20180628;20180654;20180733;20180759;20181046;20190325;20190397;20190639;20190691;20190870;20190879;20191014;20191104;20191155;20201245;20202023;20203373;20203389;20203947;20204655;20205386;20206498;20207822,
replace_endpoints,nofilter,pv,TESTED_NEW,replace_endpoints_with_lowpass,49,True,0,0,0,0,,POR_DESENHO
replace_endpoints,nosmoothing,pv,TESTED_NEW,replace_endpoints_with_lowpass,49,False,51,2448,0,0,20150069;20150377;20150436;20150528;20150532;20150561;20150646;20150656;20150746;20160030;20160587;20160735;20170154;20170225;20170342;20170409;20170520;20170587;20170756;20170760;20170794;20170899;20171179;20180129;20180170;20180263;20180300;20180608;20180628;20180654;20180733;20180759;20181046;20190325;20190397;20190639;20190691;20190870;20190879;20191014;20191104;20191155;20201245;20202023;20203373;20203389;20203947;20204655;20205386;20206498;20207822,
replace_endpoints,manual_sm,pv,TESTED_NEW,replace_endpoints_with_lowpass,49,False,51,2448,0,0,20150069;20150377;20150436;20150528;20150532;20150561;20150646;20150656;20150746;20160030;20160587;20160735;20170154;20170225;20170342;20170409;20170520;20170587;20170756;20170760;20170794;20170899;20171179;20180129;20180170;20180263;20180300;20180608;20180628;20180654;20180733;20180759;20181046;20190325;20190397;20190639;20190691;20190870;20190879;20191014;20191104;20191155;20201245;20202023;20203373;20203389;20203947;20204655;20205386;20206498;20207822,
replace_endpoints,manual_sm2,pv,TESTED_NEW,replace_endpoints_with_lowpass,49,False,51,2440,0,0,20150069;20150377;20150436;20150528;20150532;20150561;20150646;20150656;20150746;20160030;20160587;20160735;20170154;20170225;20170342;20170409;20170520;20170587;20170756;20170760;20170794;20170899;20171179;20180129;20180170;20180263;20180300;20180608;20180628;20180654;20180733;20180759;20181046;20190325;20190397;20190639;20190691;20190870;20190879;20191014;20191104;20191155;20201245;20202023;20203373;20203389;20203947;20204655;20205386;20206498;20207822,
replace_endpoints,mature_derivative,pv,SKIPPED_REDUNDANT,replace_endpoints_with_lowpass,,,,,,,,
replace_endpoints,mature_amplitude,pv,SKIPPED_REDUNDANT,replace_endpoints_with_lowpass,,,,,,,,
replace_endpoints,plateau_single_derivative,pv,SKIPPED_REDUNDANT,replace_endpoints_with_lowpass,,,,,,,,
replace_endpoints,plateau_single_vorticity,pv,SKIPPED_REDUNDANT,replace_endpoints_with_lowpass,,,,,,,,
replace_endpoints,plateau_sustained_derivative,pv,SKIPPED_REDUNDANT,replace_endpoints_with_lowpass,,,,,,,,
replace_endpoints,plateau_sustained_vorticity,pv,SKIPPED_REDUNDANT,replace_endpoints_with_lowpass,,,,,,,,
replace_endpoints,extrema_prominence_on,pv,SKIPPED_REDUNDANT,replace_endpoints_with_lowpass,,,,,,,,
replace_endpoints,extrema_distance_on,pv,SKIPPED_REDUNDANT,replace_endpoints_with_lowpass,,,,,,,,
replace_endpoints,decay_tail_on,pv,SKIPPED_REDUNDANT,replace_endpoints_with_lowpass,,,,,,,,
savgol_poly,default,pv,TESTED_CURATED,savgol_polynomial,4,False,45,90,0,0,20150377;20150436;20150528;20150532;20150561;20150646;20150656;20150746;20160030;20160587;20160735;20170154;20170342;20170409;20170587;20170756;20170760;20170794;20170899;20171179;20180129;20180170;20180263;20180300;20180608;20180628;20180654;20180733;20190325;20190397;20190639;20190691;20190870;20191014;20191104;20191155;20201245;20202023;20203373;20203389;20203947;20204655;20205386;20206498;20207822,
savgol_poly,nofilter,pv,TESTED_NEW,savgol_polynomial,4,False,51,102,0,0,20150069;20150377;20150436;20150528;20150532;20150561;20150646;20150656;20150746;20160030;20160587;20160735;20170154;20170225;20170342;20170409;20170520;20170587;20170756;20170760;20170794;20170899;20171179;20180129;20180170;20180263;20180300;20180608;20180628;20180654;20180733;20180759;20181046;20190325;20190397;20190639;20190691;20190870;20190879;20191014;20191104;20191155;20201245;20202023;20203373;20203389;20203947;20204655;20205386;20206498;20207822,
savgol_poly,nosmoothing,pv,TESTED_CURATED,savgol_polynomial,4,True,0,0,0,0,,POR_DESENHO
savgol_poly,manual_sm,pv,TESTED_NEW,savgol_polynomial,4,False,18,36,0,0,20150436;20160735;20170225;20170520;20170587;20170756;20170760;20170794;20170899;20180129;20180170;20180300;20180654;20180733;20191014;20203389;20205386;20207822,
savgol_poly,manual_sm2,pv,TESTED_NEW,savgol_polynomial,4,False,47,94,0,0,20150069;20150377;20150436;20150528;20150532;20150561;20150646;20150656;20150746;20160030;20160587;20160735;20170154;20170225;20170342;20170409;20170587;20170756;20170760;20170794;20170899;20180129;20180170;20180263;20180300;20180608;20180628;20180654;20180733;20190325;20190397;20190639;20190691;20190870;20190879;20191014;20191104;20191155;20201245;20202023;20203373;20203389;20203947;20204655;20205386;20206498;20207822,
savgol_poly,mature_derivative,pv,SKIPPED_REDUNDANT,savgol_polynomial,,,,,,,,
savgol_poly,mature_amplitude,pv,SKIPPED_REDUNDANT,savgol_polynomial,,,,,,,,
savgol_poly,plateau_single_derivative,pv,SKIPPED_REDUNDANT,savgol_polynomial,,,,,,,,
savgol_poly,plateau_single_vorticity,pv,SKIPPED_REDUNDANT,savgol_polynomial,,,,,,,,
savgol_poly,plateau_sustained_derivative,pv,SKIPPED_REDUNDANT,savgol_polynomial,,,,,,,,
savgol_poly,plateau_sustained_vorticity,pv,SKIPPED_REDUNDANT,savgol_polynomial,,,,,,,,
savgol_poly,extrema_prominence_on,pv,SKIPPED_REDUNDANT,savgol_polynomial,,,,,,,,
savgol_poly,extrema_distance_on,pv,SKIPPED_REDUNDANT,savgol_polynomial,,,,,,,,
savgol_poly,decay_tail_on,pv,SKIPPED_REDUNDANT,savgol_polynomial,,,,,,,,
use_filter,default,pv,TESTED_CURATED,use_filter,2,False,41,41,0,0,20150377;20150528;20150532;20150646;20150656;20150746;20160030;20160587;20160735;20170154;20170225;20170342;20170587;20170756;20170760;20170794;20170899;20171179;20180129;20180170;20180263;20180300;20180628;20180733;20180759;20181046;20190325;20190639;20190691;20190879;20191014;20191104;20191155;20202023;20203373;20203389;20203947;20204655;20205386;20206498;20207822,
use_filter,nofilter,pv,TESTED_NEW,use_filter,2,False,41,41,0,0,20150377;20150528;20150532;20150646;20150656;20150746;20160030;20160587;20160735;20170154;20170225;20170342;20170587;20170756;20170760;20170794;20170899;20171179;20180129;20180170;20180263;20180300;20180628;20180733;20180759;20181046;20190325;20190639;20190691;20190879;20191014;20191104;20191155;20202023;20203373;20203389;20203947;20204655;20205386;20206498;20207822,
use_filter,nosmoothing,pv,TESTED_NEW,use_filter,2,False,51,51,0,0,20150069;20150377;20150436;20150528;20150532;20150561;20150646;20150656;20150746;20160030;20160587;20160735;20170154;20170225;20170342;20170409;20170520;20170587;20170756;20170760;20170794;20170899;20171179;20180129;20180170;20180263;20180300;20180608;20180628;20180654;20180733;20180759;20181046;20190325;20190397;20190639;20190691;20190870;20190879;20191014;20191104;20191155;20201245;20202023;20203373;20203389;20203947;20204655;20205386;20206498;20207822,
use_filter,manual_sm,pv,TESTED_NEW,use_filter,2,False,51,51,0,0,20150069;20150377;20150436;20150528;20150532;20150561;20150646;20150656;20150746;20160030;20160587;20160735;20170154;20170225;20170342;20170409;20170520;20170587;20170756;20170760;20170794;20170899;20171179;20180129;20180170;20180263;20180300;20180608;20180628;20180654;20180733;20180759;20181046;20190325;20190397;20190639;20190691;20190870;20190879;20191014;20191104;20191155;20201245;20202023;20203373;20203389;20203947;20204655;20205386;20206498;20207822,
use_filter,manual_sm2,pv,TESTED_NEW,use_filter,2,False,46,46,0,0,20150377;20150436;20150528;20150532;20150561;20150646;20150656;20150746;20160587;20160735;20170154;20170225;20170342;20170409;20170587;20170756;20170760;20170794;20170899;20171179;20180129;20180170;20180263;20180300;20180608;20180628;20180733;20180759;20181046;20190325;20190397;20190639;20190691;20190870;20190879;20191014;20191104;20191155;20201245;20202023;20203373;20203389;20203947;20204655;20205386;20207822,
use_filter,mature_derivative,pv,SKIPPED_REDUNDANT,use_filter,,,,,,,,
use_filter,mature_amplitude,pv,SKIPPED_REDUNDANT,use_filter,,,,,,,,
use_filter,plateau_single_derivative,pv,SKIPPED_REDUNDANT,use_filter,,,,,,,,
use_filter,plateau_single_vorticity,pv,SKIPPED_REDUNDANT,use_filter,,,,,,,,
use_filter,plateau_sustained_derivative,pv,SKIPPED_REDUNDANT,use_filter,,,,,,,,
use_filter,plateau_sustained_vorticity,pv,SKIPPED_REDUNDANT,use_filter,,,,,,,,
use_filter,extrema_prominence_on,pv,SKIPPED_REDUNDANT,use_filter,,,,,,,,
use_filter,extrema_distance_on,pv,SKIPPED_REDUNDANT,use_filter,,,,,,,,
use_filter,decay_tail_on,pv,SKIPPED_REDUNDANT,use_filter,,,,,,,,
thr_int_len,default,phase,TESTED_CURATED,threshold_intensification_length,59,False,4,71,0,0,20160735;20170756;20170794;20180733,
thr_int_len,nofilter,phase,TESTED_NEW,threshold_intensification_length,59,False,6,121,0,0,20150656;20160735;20170756;20170794;20180733;20190691,
thr_int_len,nosmoothing,phase,TESTED_NEW,threshold_intensification_length,59,False,14,410,0,0,20150561;20150646;20150656;20160735;20170409;20170756;20170794;20180654;20180733;20190325;20190691;20191014;20203947;20206498,
thr_int_len,manual_sm,phase,TESTED_NEW,threshold_intensification_length,59,False,14,372,0,0,20150561;20150646;20150656;20160735;20170409;20170756;20170794;20180654;20180733;20190325;20190691;20191014;20203947;20206498,
thr_int_len,manual_sm2,phase,TESTED_NEW,threshold_intensification_length,59,False,9,200,0,0,20150646;20150656;20160735;20170756;20170794;20180733;20190691;20191014;20203947,
thr_int_len,mature_derivative,phase,SKIPPED_DEFERRED,threshold_intensification_length,,,,,,,,
thr_int_len,mature_amplitude,phase,SKIPPED_DEFERRED,threshold_intensification_length,,,,,,,,
thr_int_len,plateau_single_derivative,phase,SKIPPED_DEFERRED,threshold_intensification_length,,,,,,,,
thr_int_len,plateau_single_vorticity,phase,SKIPPED_DEFERRED,threshold_intensification_length,,,,,,,,
thr_int_len,plateau_sustained_derivative,phase,SKIPPED_DEFERRED,threshold_intensification_length,,,,,,,,
thr_int_len,plateau_sustained_vorticity,phase,SKIPPED_DEFERRED,threshold_intensification_length,,,,,,,,
thr_int_len,extrema_prominence_on,phase,SKIPPED_DEFERRED,threshold_intensification_length,,,,,,,,
thr_int_len,extrema_distance_on,phase,SKIPPED_DEFERRED,threshold_intensification_length,,,,,,,,
thr_int_len,decay_tail_on,phase,SKIPPED_DEFERRED,threshold_intensification_length,,,,,,,,
thr_dec_len,default,phase,TESTED_CURATED,threshold_decay_length,59,False,16,375,0,0,20150646;20150656;20160587;20160735;20170225;20170794;20171179;20180733;20190325;20190639;20202023;20203389;20203947;20204655;20205386;20206498,
thr_dec_len,nofilter,phase,TESTED_NEW,threshold_decay_length,59,False,16,391,0,0,20150646;20150656;20160587;20160735;20170225;20170899;20171179;20180263;20180733;20181046;20190691;20202023;20203389;20203947;20205386;20206498,
thr_dec_len,nosmoothing,phase,TESTED_NEW,threshold_decay_length,59,False,22,500,0,0,20150561;20150646;20150656;20160587;20160735;20170225;20170794;20170899;20171179;20180263;20180628;20180654;20180733;20190325;20190639;20190691;20202023;20203389;20203947;20205386;20206498;20207822,
thr_dec_len,manual_sm,phase,TESTED_NEW,threshold_decay_length,59,False,21,484,0,0,20150561;20150646;20150656;20160587;20160735;20170225;20170794;20170899;20171179;20180263;20180628;20180654;20180733;20190325;20190639;20190691;20202023;20203389;20203947;20205386;20206498,
thr_dec_len,manual_sm2,phase,TESTED_NEW,threshold_decay_length,59,False,17,387,0,0,20150646;20150656;20160587;20160735;20170225;20170794;20171179;20180263;20180733;20190325;20190639;20190691;20202023;20203389;20203947;20205386;20206498,
thr_dec_len,mature_derivative,phase,SKIPPED_DEFERRED,threshold_decay_length,,,,,,,,
thr_dec_len,mature_amplitude,phase,SKIPPED_DEFERRED,threshold_decay_length,,,,,,,,
thr_dec_len,plateau_single_derivative,phase,SKIPPED_DEFERRED,threshold_decay_length,,,,,,,,
thr_dec_len,plateau_single_vorticity,phase,SKIPPED_DEFERRED,threshold_decay_length,,,,,,,,
thr_dec_len,plateau_sustained_derivative,phase,SKIPPED_DEFERRED,threshold_decay_length,,,,,,,,
thr_dec_len,plateau_sustained_vorticity,phase,SKIPPED_DEFERRED,threshold_decay_length,,,,,,,,
thr_dec_len,extrema_prominence_on,phase,SKIPPED_DEFERRED,threshold_decay_length,,,,,,,,
thr_dec_len,extrema_distance_on,phase,SKIPPED_DEFERRED,threshold_decay_length,,,,,,,,
thr_dec_len,decay_tail_on,phase,SKIPPED_DEFERRED,threshold_decay_length,,,,,,,,
thr_int_gap,default,phase,TESTED_CURATED,threshold_intensification_gap,59,True,0,0,0,0,,DEPENDENTE_DOS_DADOS
thr_int_gap,nofilter,phase,TESTED_NEW,threshold_intensification_gap,59,True,0,0,0,0,,DEPENDENTE_DOS_DADOS
thr_int_gap,nosmoothing,phase,TESTED_NEW,threshold_intensification_gap,59,True,0,0,0,0,,DEPENDENTE_DOS_DADOS
thr_int_gap,manual_sm,phase,TESTED_NEW,threshold_intensification_gap,59,True,0,0,0,0,,DEPENDENTE_DOS_DADOS
thr_int_gap,manual_sm2,phase,TESTED_NEW,threshold_intensification_gap,59,True,0,0,0,0,,DEPENDENTE_DOS_DADOS
thr_int_gap,mature_derivative,phase,SKIPPED_DEFERRED,threshold_intensification_gap,,,,,,,,
thr_int_gap,mature_amplitude,phase,SKIPPED_DEFERRED,threshold_intensification_gap,,,,,,,,
thr_int_gap,plateau_single_derivative,phase,SKIPPED_DEFERRED,threshold_intensification_gap,,,,,,,,
thr_int_gap,plateau_single_vorticity,phase,SKIPPED_DEFERRED,threshold_intensification_gap,,,,,,,,
thr_int_gap,plateau_sustained_derivative,phase,SKIPPED_DEFERRED,threshold_intensification_gap,,,,,,,,
thr_int_gap,plateau_sustained_vorticity,phase,SKIPPED_DEFERRED,threshold_intensification_gap,,,,,,,,
thr_int_gap,extrema_prominence_on,phase,SKIPPED_DEFERRED,threshold_intensification_gap,,,,,,,,
thr_int_gap,extrema_distance_on,phase,SKIPPED_DEFERRED,threshold_intensification_gap,,,,,,,,
thr_int_gap,decay_tail_on,phase,SKIPPED_DEFERRED,threshold_intensification_gap,,,,,,,,
thr_dec_gap,default,phase,TESTED_CURATED,threshold_decay_gap,59,False,3,60,0,0,20160735;20170794;20180733,
thr_dec_gap,nofilter,phase,TESTED_NEW,threshold_decay_gap,59,False,3,84,0,0,20150656;20170794;20190691,
thr_dec_gap,nosmoothing,phase,TESTED_NEW,threshold_decay_gap,59,False,11,358,0,0,20150561;20160735;20170409;20170794;20180654;20180733;20190325;20190691;20191014;20203947;20206498,
thr_dec_gap,manual_sm,phase,TESTED_NEW,threshold_decay_gap,59,False,9,310,0,0,20150561;20160735;20170409;20170794;20180733;20190325;20190691;20203947;20206498,
thr_dec_gap,manual_sm2,phase,TESTED_NEW,threshold_decay_gap,59,False,5,184,0,0,20160735;20170794;20180733;20190691;20203947,
thr_dec_gap,mature_derivative,phase,SKIPPED_DEFERRED,threshold_decay_gap,,,,,,,,
thr_dec_gap,mature_amplitude,phase,SKIPPED_DEFERRED,threshold_decay_gap,,,,,,,,
thr_dec_gap,plateau_single_derivative,phase,SKIPPED_DEFERRED,threshold_decay_gap,,,,,,,,
thr_dec_gap,plateau_single_vorticity,phase,SKIPPED_DEFERRED,threshold_decay_gap,,,,,,,,
thr_dec_gap,plateau_sustained_derivative,phase,SKIPPED_DEFERRED,threshold_decay_gap,,,,,,,,
thr_dec_gap,plateau_sustained_vorticity,phase,SKIPPED_DEFERRED,threshold_decay_gap,,,,,,,,
thr_dec_gap,extrema_prominence_on,phase,SKIPPED_DEFERRED,threshold_decay_gap,,,,,,,,
thr_dec_gap,extrema_distance_on,phase,SKIPPED_DEFERRED,threshold_decay_gap,,,,,,,,
thr_dec_gap,decay_tail_on,phase,SKIPPED_DEFERRED,threshold_decay_gap,,,,,,,,
thr_mat_len,default,phase,TESTED_NEW,threshold_mature_length,30,False,50,446,0,0,20150069;20150377;20150436;20150528;20150532;20150561;20150646;20150656;20150746;20160030;20160587;20160735;20170154;20170225;20170342;20170409;20170520;20170587;20170756;20170760;20170794;20170899;20171179;20180129;20180170;20180263;20180300;20180608;20180628;20180654;20180733;20180759;20190325;20190397;20190639;20190691;20190870;20190879;20191014;20191104;20191155;20201245;20202023;20203373;20203389;20203947;20204655;20205386;20206498;20207822,
thr_mat_len,nofilter,phase,TESTED_NEW,threshold_mature_length,30,False,51,489,0,0,20150069;20150377;20150436;20150528;20150532;20150561;20150646;20150656;20150746;20160030;20160587;20160735;20170154;20170225;20170342;20170409;20170520;20170587;20170756;20170760;20170794;20170899;20171179;20180129;20180170;20180263;20180300;20180608;20180628;20180654;20180733;20180759;20181046;20190325;20190397;20190639;20190691;20190870;20190879;20191014;20191104;20191155;20201245;20202023;20203373;20203389;20203947;20204655;20205386;20206498;20207822,
thr_mat_len,nosmoothing,phase,TESTED_NEW,threshold_mature_length,30,False,50,615,0,0,20150069;20150377;20150436;20150528;20150532;20150561;20150646;20150656;20150746;20160030;20160587;20160735;20170154;20170225;20170342;20170409;20170520;20170587;20170756;20170760;20170794;20170899;20171179;20180129;20180170;20180263;20180300;20180608;20180628;20180654;20180733;20180759;20190325;20190397;20190639;20190691;20190870;20190879;20191014;20191104;20191155;20201245;20202023;20203373;20203389;20203947;20204655;20205386;20206498;20207822,
thr_mat_len,manual_sm,phase,TESTED_NEW,threshold_mature_length,30,False,50,592,0,0,20150069;20150377;20150436;20150528;20150532;20150561;20150646;20150656;20150746;20160030;20160587;20160735;20170154;20170225;20170342;20170409;20170520;20170587;20170756;20170760;20170794;20170899;20171179;20180129;20180170;20180263;20180300;20180608;20180628;20180654;20180733;20180759;20190325;20190397;20190639;20190691;20190870;20190879;20191014;20191104;20191155;20201245;20202023;20203373;20203389;20203947;20204655;20205386;20206498;20207822,
thr_mat_len,manual_sm2,phase,TESTED_NEW,threshold_mature_length,30,False,50,524,0,0,20150069;20150377;20150436;20150528;20150532;20150561;20150646;20150656;20150746;20160030;20160587;20160735;20170154;20170225;20170342;20170409;20170520;20170587;20170756;20170760;20170794;20170899;20171179;20180129;20180170;20180263;20180300;20180608;20180628;20180654;20180733;20180759;20190325;20190397;20190639;20190691;20190870;20190879;20191014;20191104;20191155;20201245;20202023;20203373;20203389;20203947;20204655;20205386;20206498;20207822,
thr_mat_len,mature_derivative,phase,TESTED_CURATED,threshold_mature_length,30,False,50,446,0,0,20150069;20150377;20150436;20150528;20150532;20150561;20150646;20150656;20150746;20160030;20160587;20160735;20170154;20170225;20170342;20170409;20170520;20170587;20170756;20170760;20170794;20170899;20171179;20180129;20180170;20180263;20180300;20180608;20180628;20180654;20180733;20180759;20190325;20190397;20190639;20190691;20190870;20190879;20191014;20191104;20191155;20201245;20202023;20203373;20203389;20203947;20204655;20205386;20206498;20207822,
thr_mat_len,mature_amplitude,phase,TESTED_CURATED,threshold_mature_length,30,True,0,0,0,0,,POR_DESENHO
thr_mat_len,plateau_single_derivative,phase,SKIPPED_DEFERRED,threshold_mature_length,,,,,,,,
thr_mat_len,plateau_single_vorticity,phase,SKIPPED_DEFERRED,threshold_mature_length,,,,,,,,
thr_mat_len,plateau_sustained_derivative,phase,SKIPPED_DEFERRED,threshold_mature_length,,,,,,,,
thr_mat_len,plateau_sustained_vorticity,phase,SKIPPED_DEFERRED,threshold_mature_length,,,,,,,,
thr_mat_len,extrema_prominence_on,phase,SKIPPED_DEFERRED,threshold_mature_length,,,,,,,,
thr_mat_len,extrema_distance_on,phase,SKIPPED_DEFERRED,threshold_mature_length,,,,,,,,
thr_mat_len,decay_tail_on,phase,SKIPPED_DEFERRED,threshold_mature_length,,,,,,,,
thr_mat_dist,default,phase,TESTED_NEW,threshold_mature_distance,51,False,50,2442,0,0,20150069;20150377;20150436;20150528;20150532;20150561;20150646;20150656;20150746;20160030;20160587;20160735;20170154;20170225;20170342;20170409;20170520;20170587;20170756;20170760;20170794;20170899;20171179;20180129;20180170;20180263;20180300;20180608;20180628;20180654;20180733;20180759;20190325;20190397;20190639;20190691;20190870;20190879;20191014;20191104;20191155;20201245;20202023;20203373;20203389;20203947;20204655;20205386;20206498;20207822,
thr_mat_dist,nofilter,phase,TESTED_NEW,threshold_mature_distance,51,False,51,2486,0,0,20150069;20150377;20150436;20150528;20150532;20150561;20150646;20150656;20150746;20160030;20160587;20160735;20170154;20170225;20170342;20170409;20170520;20170587;20170756;20170760;20170794;20170899;20171179;20180129;20180170;20180263;20180300;20180608;20180628;20180654;20180733;20180759;20181046;20190325;20190397;20190639;20190691;20190870;20190879;20191014;20191104;20191155;20201245;20202023;20203373;20203389;20203947;20204655;20205386;20206498;20207822,
thr_mat_dist,nosmoothing,phase,TESTED_NEW,threshold_mature_distance,51,False,50,2414,0,0,20150069;20150377;20150436;20150528;20150532;20150561;20150646;20150656;20150746;20160030;20160587;20160735;20170154;20170225;20170342;20170409;20170520;20170587;20170756;20170760;20170794;20170899;20171179;20180129;20180170;20180263;20180300;20180608;20180628;20180654;20180733;20180759;20190325;20190397;20190639;20190691;20190870;20190879;20191014;20191104;20191155;20201245;20202023;20203373;20203389;20203947;20204655;20205386;20206498;20207822,
thr_mat_dist,manual_sm,phase,TESTED_NEW,threshold_mature_distance,51,False,50,2411,0,0,20150069;20150377;20150436;20150528;20150532;20150561;20150646;20150656;20150746;20160030;20160587;20160735;20170154;20170225;20170342;20170409;20170520;20170587;20170756;20170760;20170794;20170899;20171179;20180129;20180170;20180263;20180300;20180608;20180628;20180654;20180733;20180759;20190325;20190397;20190639;20190691;20190870;20190879;20191014;20191104;20191155;20201245;20202023;20203373;20203389;20203947;20204655;20205386;20206498;20207822,
thr_mat_dist,manual_sm2,phase,TESTED_NEW,threshold_mature_distance,51,False,50,2424,0,0,20150069;20150377;20150436;20150528;20150532;20150561;20150646;20150656;20150746;20160030;20160587;20160735;20170154;20170225;20170342;20170409;20170520;20170587;20170756;20170760;20170794;20170899;20171179;20180129;20180170;20180263;20180300;20180608;20180628;20180654;20180733;20180759;20190325;20190397;20190639;20190691;20190870;20190879;20191014;20191104;20191155;20201245;20202023;20203373;20203389;20203947;20204655;20205386;20206498;20207822,
thr_mat_dist,mature_derivative,phase,TESTED_CURATED,threshold_mature_distance,51,False,50,2442,0,0,20150069;20150377;20150436;20150528;20150532;20150561;20150646;20150656;20150746;20160030;20160587;20160735;20170154;20170225;20170342;20170409;20170520;20170587;20170756;20170760;20170794;20170899;20171179;20180129;20180170;20180263;20180300;20180608;20180628;20180654;20180733;20180759;20190325;20190397;20190639;20190691;20190870;20190879;20191014;20191104;20191155;20201245;20202023;20203373;20203389;20203947;20204655;20205386;20206498;20207822,
thr_mat_dist,mature_amplitude,phase,TESTED_CURATED,threshold_mature_distance,51,True,0,0,0,0,,POR_DESENHO
thr_mat_dist,plateau_single_derivative,phase,SKIPPED_DEFERRED,threshold_mature_distance,,,,,,,,
thr_mat_dist,plateau_single_vorticity,phase,SKIPPED_DEFERRED,threshold_mature_distance,,,,,,,,
thr_mat_dist,plateau_sustained_derivative,phase,SKIPPED_DEFERRED,threshold_mature_distance,,,,,,,,
thr_mat_dist,plateau_sustained_vorticity,phase,SKIPPED_DEFERRED,threshold_mature_distance,,,,,,,,
thr_mat_dist,extrema_prominence_on,phase,SKIPPED_DEFERRED,threshold_mature_distance,,,,,,,,
thr_mat_dist,extrema_distance_on,phase,SKIPPED_DEFERRED,threshold_mature_distance,,,,,,,,
thr_mat_dist,decay_tail_on,phase,SKIPPED_DEFERRED,threshold_mature_distance,,,,,,,,
thr_inc_len,default,phase,TESTED_CURATED,threshold_incipient_length,51,False,49,2323,0,0,20150069;20150377;20150436;20150528;20150532;20150561;20150646;20150656;20150746;20160030;20160587;20160735;20170154;20170225;20170342;20170409;20170520;20170587;20170756;20170760;20170794;20170899;20171179;20180129;20180170;20180263;20180300;20180608;20180628;20180654;20180759;20190325;20190397;20190639;20190691;20190870;20190879;20191014;20191104;20191155;20201245;20202023;20203373;20203389;20203947;20204655;20205386;20206498;20207822,
thr_inc_len,nofilter,phase,TESTED_NEW,threshold_incipient_length,51,False,50,2318,0,0,20150069;20150377;20150436;20150528;20150532;20150561;20150656;20150746;20160030;20160587;20160735;20170154;20170225;20170342;20170409;20170520;20170587;20170756;20170760;20170794;20170899;20171179;20180129;20180170;20180263;20180300;20180608;20180628;20180654;20180733;20180759;20181046;20190325;20190397;20190639;20190691;20190870;20190879;20191014;20191104;20191155;20201245;20202023;20203373;20203389;20203947;20204655;20205386;20206498;20207822,
thr_inc_len,nosmoothing,phase,TESTED_NEW,threshold_incipient_length,51,False,50,2343,0,0,20150069;20150377;20150436;20150528;20150532;20150561;20150646;20150656;20150746;20160030;20160587;20160735;20170154;20170225;20170342;20170409;20170520;20170587;20170756;20170760;20170794;20170899;20171179;20180129;20180170;20180263;20180300;20180608;20180628;20180654;20180733;20180759;20190325;20190397;20190639;20190691;20190870;20190879;20191014;20191104;20191155;20201245;20202023;20203373;20203389;20203947;20204655;20205386;20206498;20207822,
thr_inc_len,manual_sm,phase,TESTED_NEW,threshold_incipient_length,51,False,50,2341,0,0,20150069;20150377;20150436;20150528;20150532;20150561;20150646;20150656;20150746;20160030;20160587;20160735;20170154;20170225;20170342;20170409;20170520;20170587;20170756;20170760;20170794;20170899;20171179;20180129;20180170;20180263;20180300;20180608;20180628;20180654;20180733;20180759;20190325;20190397;20190639;20190691;20190870;20190879;20191014;20191104;20191155;20201245;20202023;20203373;20203389;20203947;20204655;20205386;20206498;20207822,
thr_inc_len,manual_sm2,phase,TESTED_NEW,threshold_incipient_length,51,False,50,2388,0,0,20150069;20150377;20150436;20150528;20150532;20150561;20150646;20150656;20150746;20160030;20160587;20160735;20170154;20170225;20170342;20170409;20170520;20170587;20170756;20170760;20170794;20170899;20171179;20180129;20180170;20180263;20180300;20180608;20180628;20180654;20180733;20180759;20190325;20190397;20190639;20190691;20190870;20190879;20191014;20191104;20191155;20201245;20202023;20203373;20203389;20203947;20204655;20205386;20206498;20207822,
thr_inc_len,mature_derivative,phase,SKIPPED_DEFERRED,threshold_incipient_length,,,,,,,,
thr_inc_len,mature_amplitude,phase,SKIPPED_DEFERRED,threshold_incipient_length,,,,,,,,
thr_inc_len,plateau_single_derivative,phase,TESTED_CURATED,threshold_incipient_length,51,True,0,0,0,0,,POR_DESENHO
thr_inc_len,plateau_single_vorticity,phase,SKIPPED_DEFERRED,threshold_incipient_length,,,,,,,,
thr_inc_len,plateau_sustained_derivative,phase,SKIPPED_DEFERRED,threshold_incipient_length,,,,,,,,
thr_inc_len,plateau_sustained_vorticity,phase,SKIPPED_DEFERRED,threshold_incipient_length,,,,,,,,
thr_inc_len,extrema_prominence_on,phase,SKIPPED_DEFERRED,threshold_incipient_length,,,,,,,,
thr_inc_len,extrema_distance_on,phase,SKIPPED_DEFERRED,threshold_incipient_length,,,,,,,,
thr_inc_len,decay_tail_on,phase,SKIPPED_DEFERRED,threshold_incipient_length,,,,,,,,
mature_amplitude_fraction,default,phase,TESTED_NEW,mature_amplitude_fraction,96,True,0,0,0,0,,POR_DESENHO
mature_amplitude_fraction,nofilter,phase,TESTED_NEW,mature_amplitude_fraction,96,True,0,0,0,0,,POR_DESENHO
mature_amplitude_fraction,nosmoothing,phase,TESTED_NEW,mature_amplitude_fraction,96,True,0,0,0,0,,POR_DESENHO
mature_amplitude_fraction,manual_sm,phase,TESTED_NEW,mature_amplitude_fraction,96,True,0,0,0,0,,POR_DESENHO
mature_amplitude_fraction,manual_sm2,phase,TESTED_NEW,mature_amplitude_fraction,96,True,0,0,0,0,,POR_DESENHO
mature_amplitude_fraction,mature_derivative,phase,TESTED_CURATED,mature_amplitude_fraction,96,True,0,0,0,0,,POR_DESENHO
mature_amplitude_fraction,mature_amplitude,phase,TESTED_CURATED,mature_amplitude_fraction,96,False,50,4737,1,0,20150069;20150377;20150436;20150528;20150532;20150561;20150646;20150656;20150746;20160030;20160587;20160735;20170154;20170225;20170342;20170409;20170520;20170587;20170756;20170760;20170794;20170899;20171179;20180129;20180170;20180263;20180300;20180608;20180628;20180654;20180733;20180759;20190325;20190397;20190639;20190691;20190870;20190879;20191014;20191104;20191155;20201245;20202023;20203373;20203389;20203947;20204655;20205386;20206498;20207822,
mature_amplitude_fraction,plateau_single_derivative,phase,SKIPPED_DEFERRED,mature_amplitude_fraction,,,,,,,,
mature_amplitude_fraction,plateau_single_vorticity,phase,SKIPPED_DEFERRED,mature_amplitude_fraction,,,,,,,,
mature_amplitude_fraction,plateau_sustained_derivative,phase,SKIPPED_DEFERRED,mature_amplitude_fraction,,,,,,,,
mature_amplitude_fraction,plateau_sustained_vorticity,phase,SKIPPED_DEFERRED,mature_amplitude_fraction,,,,,,,,
mature_amplitude_fraction,extrema_prominence_on,phase,SKIPPED_DEFERRED,mature_amplitude_fraction,,,,,,,,
mature_amplitude_fraction,extrema_distance_on,phase,SKIPPED_DEFERRED,mature_amplitude_fraction,,,,,,,,
mature_amplitude_fraction,decay_tail_on,phase,SKIPPED_DEFERRED,mature_amplitude_fraction,,,,,,,,
length_scale,default,phase,TESTED_CURATED,length_scale,2,False,1,1,0,0,20160735,
length_scale,nofilter,phase,TESTED_NEW,length_scale,2,False,2,2,0,0,20160735;20180733,
length_scale,nosmoothing,phase,TESTED_NEW,length_scale,2,False,5,5,0,0,20160735;20170409;20180628;20180654;20203947,
length_scale,manual_sm,phase,TESTED_NEW,length_scale,2,False,6,6,0,0,20160735;20170409;20180628;20180654;20191014;20203947,
length_scale,manual_sm2,phase,TESTED_NEW,length_scale,2,False,5,5,0,0,20150656;20160735;20190639;20191014;20203947,
length_scale,mature_derivative,phase,SKIPPED_DEFERRED,length_scale,,,,,,,,
length_scale,mature_amplitude,phase,SKIPPED_DEFERRED,length_scale,,,,,,,,
length_scale,plateau_single_derivative,phase,SKIPPED_DEFERRED,length_scale,,,,,,,,
length_scale,plateau_single_vorticity,phase,SKIPPED_DEFERRED,length_scale,,,,,,,,
length_scale,plateau_sustained_derivative,phase,SKIPPED_DEFERRED,length_scale,,,,,,,,
length_scale,plateau_sustained_vorticity,phase,SKIPPED_DEFERRED,length_scale,,,,,,,,
length_scale,extrema_prominence_on,phase,SKIPPED_DEFERRED,length_scale,,,,,,,,
length_scale,extrema_distance_on,phase,SKIPPED_DEFERRED,length_scale,,,,,,,,
length_scale,decay_tail_on,phase,SKIPPED_DEFERRED,length_scale,,,,,,,,
mature_method,default,phase,TESTED_CURATED,mature_method,2,False,50,50,0,0,20150069;20150377;20150436;20150528;20150532;20150561;20150646;20150656;20150746;20160030;20160587;20160735;20170154;20170225;20170342;20170409;20170520;20170587;20170756;20170760;20170794;20170899;20171179;20180129;20180170;20180263;20180300;20180608;20180628;20180654;20180733;20180759;20190325;20190397;20190639;20190691;20190870;20190879;20191014;20191104;20191155;20201245;20202023;20203373;20203389;20203947;20204655;20205386;20206498;20207822,
mature_method,nofilter,phase,TESTED_NEW,mature_method,2,False,51,51,0,0,20150069;20150377;20150436;20150528;20150532;20150561;20150646;20150656;20150746;20160030;20160587;20160735;20170154;20170225;20170342;20170409;20170520;20170587;20170756;20170760;20170794;20170899;20171179;20180129;20180170;20180263;20180300;20180608;20180628;20180654;20180733;20180759;20181046;20190325;20190397;20190639;20190691;20190870;20190879;20191014;20191104;20191155;20201245;20202023;20203373;20203389;20203947;20204655;20205386;20206498;20207822,
mature_method,nosmoothing,phase,TESTED_NEW,mature_method,2,False,50,50,0,0,20150069;20150377;20150436;20150528;20150532;20150561;20150646;20150656;20150746;20160030;20160587;20160735;20170154;20170225;20170342;20170409;20170520;20170587;20170756;20170760;20170794;20170899;20171179;20180129;20180170;20180263;20180300;20180608;20180628;20180654;20180733;20180759;20190325;20190397;20190639;20190691;20190870;20190879;20191014;20191104;20191155;20201245;20202023;20203373;20203389;20203947;20204655;20205386;20206498;20207822,
mature_method,manual_sm,phase,TESTED_NEW,mature_method,2,False,50,50,0,0,20150069;20150377;20150436;20150528;20150532;20150561;20150646;20150656;20150746;20160030;20160587;20160735;20170154;20170225;20170342;20170409;20170520;20170587;20170756;20170760;20170794;20170899;20171179;20180129;20180170;20180263;20180300;20180608;20180628;20180654;20180733;20180759;20190325;20190397;20190639;20190691;20190870;20190879;20191014;20191104;20191155;20201245;20202023;20203373;20203389;20203947;20204655;20205386;20206498;20207822,
mature_method,manual_sm2,phase,TESTED_NEW,mature_method,2,False,50,50,0,0,20150069;20150377;20150436;20150528;20150532;20150561;20150646;20150656;20150746;20160030;20160587;20160735;20170154;20170225;20170342;20170409;20170520;20170587;20170756;20170760;20170794;20170899;20171179;20180129;20180170;20180263;20180300;20180608;20180628;20180654;20180733;20180759;20190325;20190397;20190639;20190691;20190870;20190879;20191014;20191104;20191155;20201245;20202023;20203373;20203389;20203947;20204655;20205386;20206498;20207822,
mature_method,mature_derivative,phase,SKIPPED_DEFERRED,mature_method,,,,,,,,
mature_method,mature_amplitude,phase,SKIPPED_DEFERRED,mature_method,,,,,,,,
mature_method,plateau_single_derivative,phase,SKIPPED_DEFERRED,mature_method,,,,,,,,
mature_method,plateau_single_vorticity,phase,SKIPPED_DEFERRED,mature_method,,,,,,,,
mature_method,plateau_sustained_derivative,phase,SKIPPED_DEFERRED,mature_method,,,,,,,,
mature_method,plateau_sustained_vorticity,phase,SKIPPED_DEFERRED,mature_method,,,,,,,,
mature_method,extrema_prominence_on,phase,SKIPPED_DEFERRED,mature_method,,,,,,,,
mature_method,extrema_distance_on,phase,SKIPPED_DEFERRED,mature_method,,,,,,,,
mature_method,decay_tail_on,phase,SKIPPED_DEFERRED,mature_method,,,,,,,,
incipient_plateau_tau,default,phase,TESTED_CURATED,incipient_plateau_tau,60,True,0,0,0,0,,POR_DESENHO
incipient_plateau_tau,nofilter,phase,TESTED_NEW,incipient_plateau_tau,60,True,0,0,0,0,,POR_DESENHO
incipient_plateau_tau,nosmoothing,phase,TESTED_NEW,incipient_plateau_tau,60,True,0,0,0,0,,POR_DESENHO
incipient_plateau_tau,manual_sm,phase,TESTED_NEW,incipient_plateau_tau,60,True,0,0,0,0,,POR_DESENHO
incipient_plateau_tau,manual_sm2,phase,TESTED_NEW,incipient_plateau_tau,60,True,0,0,0,0,,POR_DESENHO
incipient_plateau_tau,mature_derivative,phase,SKIPPED_DEFERRED,incipient_plateau_tau,,,,,,,,
incipient_plateau_tau,mature_amplitude,phase,SKIPPED_DEFERRED,incipient_plateau_tau,,,,,,,,
incipient_plateau_tau,plateau_single_derivative,phase,TESTED_CURATED,incipient_plateau_tau,60,False,33,850,0,0,20150069;20150377;20150436;20150528;20150646;20160587;20160735;20170225;20170409;20170520;20170587;20170756;20170760;20170899;20171179;20180129;20180170;20180263;20180608;20180654;20180759;20181046;20190397;20190639;20191155;20201245;20202023;20203373;20203389;20203947;20204655;20205386;20207822,
incipient_plateau_tau,plateau_single_vorticity,phase,SKIPPED_DEFERRED,incipient_plateau_tau,,,,,,,,
incipient_plateau_tau,plateau_sustained_derivative,phase,SKIPPED_DEFERRED,incipient_plateau_tau,,,,,,,,
incipient_plateau_tau,plateau_sustained_vorticity,phase,SKIPPED_DEFERRED,incipient_plateau_tau,,,,,,,,
incipient_plateau_tau,extrema_prominence_on,phase,SKIPPED_DEFERRED,incipient_plateau_tau,,,,,,,,
incipient_plateau_tau,extrema_distance_on,phase,SKIPPED_DEFERRED,incipient_plateau_tau,,,,,,,,
incipient_plateau_tau,decay_tail_on,phase,SKIPPED_DEFERRED,incipient_plateau_tau,,,,,,,,
incipient_plateau_signal,default,phase,TESTED_CURATED,incipient_plateau_signal,2,True,0,0,0,0,,POR_DESENHO
incipient_plateau_signal,nofilter,phase,TESTED_NEW,incipient_plateau_signal,2,True,0,0,0,0,,POR_DESENHO
incipient_plateau_signal,nosmoothing,phase,TESTED_NEW,incipient_plateau_signal,2,True,0,0,0,0,,POR_DESENHO
incipient_plateau_signal,manual_sm,phase,TESTED_NEW,incipient_plateau_signal,2,True,0,0,0,0,,POR_DESENHO
incipient_plateau_signal,manual_sm2,phase,TESTED_NEW,incipient_plateau_signal,2,True,0,0,0,0,,POR_DESENHO
incipient_plateau_signal,mature_derivative,phase,SKIPPED_DEFERRED,incipient_plateau_signal,,,,,,,,
incipient_plateau_signal,mature_amplitude,phase,SKIPPED_DEFERRED,incipient_plateau_signal,,,,,,,,
incipient_plateau_signal,plateau_single_derivative,phase,TESTED_CURATED,incipient_plateau_signal,2,False,13,13,0,0,20150377;20150436;20150561;20150646;20170756;20180170;20180608;20180654;20180759;20190397;20190639;20204655;20205386,
incipient_plateau_signal,plateau_single_vorticity,phase,SKIPPED_DEFERRED,incipient_plateau_signal,,,,,,,,
incipient_plateau_signal,plateau_sustained_derivative,phase,SKIPPED_DEFERRED,incipient_plateau_signal,,,,,,,,
incipient_plateau_signal,plateau_sustained_vorticity,phase,SKIPPED_DEFERRED,incipient_plateau_signal,,,,,,,,
incipient_plateau_signal,extrema_prominence_on,phase,SKIPPED_DEFERRED,incipient_plateau_signal,,,,,,,,
incipient_plateau_signal,extrema_distance_on,phase,SKIPPED_DEFERRED,incipient_plateau_signal,,,,,,,,
incipient_plateau_signal,decay_tail_on,phase,SKIPPED_DEFERRED,incipient_plateau_signal,,,,,,,,
incipient_plateau_crossing,default,phase,TESTED_CURATED,incipient_plateau_crossing,2,True,0,0,0,0,,POR_DESENHO
incipient_plateau_crossing,nofilter,phase,TESTED_NEW,incipient_plateau_crossing,2,True,0,0,0,0,,POR_DESENHO
incipient_plateau_crossing,nosmoothing,phase,TESTED_NEW,incipient_plateau_crossing,2,True,0,0,0,0,,POR_DESENHO
incipient_plateau_crossing,manual_sm,phase,TESTED_NEW,incipient_plateau_crossing,2,True,0,0,0,0,,POR_DESENHO
incipient_plateau_crossing,manual_sm2,phase,TESTED_NEW,incipient_plateau_crossing,2,True,0,0,0,0,,POR_DESENHO
incipient_plateau_crossing,mature_derivative,phase,SKIPPED_DEFERRED,incipient_plateau_crossing,,,,,,,,
incipient_plateau_crossing,mature_amplitude,phase,SKIPPED_DEFERRED,incipient_plateau_crossing,,,,,,,,
incipient_plateau_crossing,plateau_single_derivative,phase,TESTED_CURATED,incipient_plateau_crossing,2,True,0,0,0,0,,DEPENDENTE_DOS_DADOS
incipient_plateau_crossing,plateau_single_vorticity,phase,SKIPPED_DEFERRED,incipient_plateau_crossing,,,,,,,,
incipient_plateau_crossing,plateau_sustained_derivative,phase,SKIPPED_DEFERRED,incipient_plateau_crossing,,,,,,,,
incipient_plateau_crossing,plateau_sustained_vorticity,phase,SKIPPED_DEFERRED,incipient_plateau_crossing,,,,,,,,
incipient_plateau_crossing,extrema_prominence_on,phase,SKIPPED_DEFERRED,incipient_plateau_crossing,,,,,,,,
incipient_plateau_crossing,extrema_distance_on,phase,SKIPPED_DEFERRED,incipient_plateau_crossing,,,,,,,,
incipient_plateau_crossing,decay_tail_on,phase,SKIPPED_DEFERRED,incipient_plateau_crossing,,,,,,,,
incipient_plateau_k,default,phase,TESTED_CURATED,incipient_plateau_k,25,True,0,0,0,0,,POR_DESENHO
incipient_plateau_k,nofilter,phase,TESTED_NEW,incipient_plateau_k,25,True,0,0,0,0,,POR_DESENHO
incipient_plateau_k,nosmoothing,phase,TESTED_NEW,incipient_plateau_k,25,True,0,0,0,0,,POR_DESENHO
incipient_plateau_k,manual_sm,phase,TESTED_NEW,incipient_plateau_k,25,True,0,0,0,0,,POR_DESENHO
incipient_plateau_k,manual_sm2,phase,TESTED_NEW,incipient_plateau_k,25,True,0,0,0,0,,POR_DESENHO
incipient_plateau_k,mature_derivative,phase,SKIPPED_DEFERRED,incipient_plateau_k,,,,,,,,
incipient_plateau_k,mature_amplitude,phase,SKIPPED_DEFERRED,incipient_plateau_k,,,,,,,,
incipient_plateau_k,plateau_single_derivative,phase,TESTED_CURATED,incipient_plateau_k,25,True,0,0,0,0,,POR_DESENHO
incipient_plateau_k,plateau_single_vorticity,phase,TESTED_CURATED,incipient_plateau_k,25,True,0,0,0,0,,POR_DESENHO
incipient_plateau_k,plateau_sustained_derivative,phase,TESTED_CURATED,incipient_plateau_k,25,False,1,3,0,0,20180300,
incipient_plateau_k,plateau_sustained_vorticity,phase,TESTED_CURATED,incipient_plateau_k,25,False,42,599,0,0,20150377;20150436;20150528;20150561;20150646;20150656;20160030;20160587;20160735;20170154;20170225;20170342;20170409;20170520;20170587;20170756;20170794;20170899;20171179;20180170;20180263;20180608;20180654;20180759;20181046;20190325;20190397;20190639;20190691;20190870;20191014;20191104;20191155;20201245;20202023;20203373;20203389;20203947;20204655;20205386;20206498;20207822,
incipient_plateau_k,extrema_prominence_on,phase,SKIPPED_DEFERRED,incipient_plateau_k,,,,,,,,
incipient_plateau_k,extrema_distance_on,phase,SKIPPED_DEFERRED,incipient_plateau_k,,,,,,,,
incipient_plateau_k,decay_tail_on,phase,SKIPPED_DEFERRED,incipient_plateau_k,,,,,,,,
incipient_smooth_window,default,phase,TESTED_CURATED,incipient_smooth_window,22,True,0,0,0,0,,POR_DESENHO
incipient_smooth_window,nofilter,phase,TESTED_NEW,incipient_smooth_window,22,True,0,0,0,0,,POR_DESENHO
incipient_smooth_window,nosmoothing,phase,TESTED_NEW,incipient_smooth_window,22,True,0,0,0,0,,POR_DESENHO
incipient_smooth_window,manual_sm,phase,TESTED_NEW,incipient_smooth_window,22,True,0,0,0,0,,POR_DESENHO
incipient_smooth_window,manual_sm2,phase,TESTED_NEW,incipient_smooth_window,22,True,0,0,0,0,,POR_DESENHO
incipient_smooth_window,mature_derivative,phase,SKIPPED_DEFERRED,incipient_smooth_window,,,,,,,,
incipient_smooth_window,mature_amplitude,phase,SKIPPED_DEFERRED,incipient_smooth_window,,,,,,,,
incipient_smooth_window,plateau_single_derivative,phase,TESTED_CURATED,incipient_smooth_window,22,True,0,0,0,0,,POR_DESENHO
incipient_smooth_window,plateau_single_vorticity,phase,TESTED_CURATED,incipient_smooth_window,22,False,22,240,0,0,20150377;20150436;20150561;20150646;20150656;20160587;20170154;20170409;20170756;20171179;20180170;20180608;20180759;20190325;20190397;20190870;20191014;20191155;20203373;20204655;20205386;20206498,
incipient_smooth_window,plateau_sustained_derivative,phase,SKIPPED_DEFERRED,incipient_smooth_window,,,,,,,,
incipient_smooth_window,plateau_sustained_vorticity,phase,SKIPPED_DEFERRED,incipient_smooth_window,,,,,,,,
incipient_smooth_window,extrema_prominence_on,phase,SKIPPED_DEFERRED,incipient_smooth_window,,,,,,,,
incipient_smooth_window,extrema_distance_on,phase,SKIPPED_DEFERRED,incipient_smooth_window,,,,,,,,
incipient_smooth_window,decay_tail_on,phase,SKIPPED_DEFERRED,incipient_smooth_window,,,,,,,,
incipient_smooth_polyorder,default,phase,TESTED_CURATED,incipient_smooth_polyorder,7,True,0,0,0,0,,POR_DESENHO
incipient_smooth_polyorder,nofilter,phase,TESTED_NEW,incipient_smooth_polyorder,7,True,0,0,0,0,,POR_DESENHO
incipient_smooth_polyorder,nosmoothing,phase,TESTED_NEW,incipient_smooth_polyorder,7,True,0,0,0,0,,POR_DESENHO
incipient_smooth_polyorder,manual_sm,phase,TESTED_NEW,incipient_smooth_polyorder,7,True,0,0,0,0,,POR_DESENHO
incipient_smooth_polyorder,manual_sm2,phase,TESTED_NEW,incipient_smooth_polyorder,7,True,0,0,0,0,,POR_DESENHO
incipient_smooth_polyorder,mature_derivative,phase,SKIPPED_DEFERRED,incipient_smooth_polyorder,,,,,,,,
incipient_smooth_polyorder,mature_amplitude,phase,SKIPPED_DEFERRED,incipient_smooth_polyorder,,,,,,,,
incipient_smooth_polyorder,plateau_single_derivative,phase,TESTED_CURATED,incipient_smooth_polyorder,7,True,0,0,0,0,,POR_DESENHO
incipient_smooth_polyorder,plateau_single_vorticity,phase,TESTED_CURATED,incipient_smooth_polyorder,7,True,0,0,0,0,,POR_DESENHO
incipient_smooth_polyorder,plateau_sustained_derivative,phase,SKIPPED_DEFERRED,incipient_smooth_polyorder,,,,,,,,
incipient_smooth_polyorder,plateau_sustained_vorticity,phase,SKIPPED_DEFERRED,incipient_smooth_polyorder,,,,,,,,
incipient_smooth_polyorder,extrema_prominence_on,phase,SKIPPED_DEFERRED,incipient_smooth_polyorder,,,,,,,,
incipient_smooth_polyorder,extrema_distance_on,phase,SKIPPED_DEFERRED,incipient_smooth_polyorder,,,,,,,,
incipient_smooth_polyorder,decay_tail_on,phase,SKIPPED_DEFERRED,incipient_smooth_polyorder,,,,,,,,
extrema_prominence_relative,default,phase,TESTED_NEW,prominence_relative,51,False,4,145,0,0,20160735;20170794;20180733;20206498,
extrema_prominence_relative,nofilter,phase,TESTED_NEW,prominence_relative,51,False,4,173,0,0,20150656;20170794;20190691;20206498,
extrema_prominence_relative,nosmoothing,phase,TESTED_NEW,prominence_relative,51,False,14,467,0,0,20150561;20150646;20150656;20160735;20170794;20180628;20180654;20180733;20190325;20190691;20191014;20203947;20206498;20207822,
extrema_prominence_relative,manual_sm,phase,TESTED_NEW,prominence_relative,51,False,12,415,0,0,20150561;20150646;20150656;20160735;20170794;20180628;20180733;20190325;20190691;20191014;20203947;20206498,
extrema_prominence_relative,manual_sm2,phase,TESTED_NEW,prominence_relative,51,False,8,258,0,0,20150646;20160735;20170794;20180733;20190691;20191014;20203947;20206498,
extrema_prominence_relative,mature_derivative,phase,SKIPPED_DEFERRED,prominence_relative,,,,,,,,
extrema_prominence_relative,mature_amplitude,phase,SKIPPED_DEFERRED,prominence_relative,,,,,,,,
extrema_prominence_relative,plateau_single_derivative,phase,SKIPPED_DEFERRED,prominence_relative,,,,,,,,
extrema_prominence_relative,plateau_single_vorticity,phase,SKIPPED_DEFERRED,prominence_relative,,,,,,,,
extrema_prominence_relative,plateau_sustained_derivative,phase,SKIPPED_DEFERRED,prominence_relative,,,,,,,,
extrema_prominence_relative,plateau_sustained_vorticity,phase,SKIPPED_DEFERRED,prominence_relative,,,,,,,,
extrema_prominence_relative,extrema_prominence_on,phase,TESTED_CURATED,prominence_relative,51,False,4,145,0,0,20160735;20170794;20180733;20206498,
extrema_prominence_relative,extrema_distance_on,phase,SKIPPED_DEFERRED,prominence_relative,,,,,,,,
extrema_prominence_relative,decay_tail_on,phase,SKIPPED_DEFERRED,prominence_relative,,,,,,,,
extrema_distance,default,phase,TESTED_NEW,distance,29,False,2,21,0,0,20160735;20180263,
extrema_distance,nofilter,phase,TESTED_NEW,distance,29,False,1,4,0,0,20180263,
extrema_distance,nosmoothing,phase,TESTED_NEW,distance,29,False,2,11,0,0,20180263;20180628,
extrema_distance,manual_sm,phase,TESTED_NEW,distance,29,False,2,11,0,0,20180263;20180628,
extrema_distance,manual_sm2,phase,TESTED_NEW,distance,29,False,1,5,0,0,20180263,
extrema_distance,mature_derivative,phase,SKIPPED_DEFERRED,distance,,,,,,,,
extrema_distance,mature_amplitude,phase,SKIPPED_DEFERRED,distance,,,,,,,,
extrema_distance,plateau_single_derivative,phase,SKIPPED_DEFERRED,distance,,,,,,,,
extrema_distance,plateau_single_vorticity,phase,SKIPPED_DEFERRED,distance,,,,,,,,
extrema_distance,plateau_sustained_derivative,phase,SKIPPED_DEFERRED,distance,,,,,,,,
extrema_distance,plateau_sustained_vorticity,phase,SKIPPED_DEFERRED,distance,,,,,,,,
extrema_distance,extrema_prominence_on,phase,SKIPPED_DEFERRED,distance,,,,,,,,
extrema_distance,extrema_distance_on,phase,TESTED_CURATED,distance,29,False,2,21,0,0,20160735;20180263,
extrema_distance,decay_tail_on,phase,SKIPPED_DEFERRED,distance,,,,,,,,
decay_tail_amplitude_fraction,default,phase,TESTED_NEW,decay_tail_amplitude_fraction,50,True,0,0,0,0,,POR_DESENHO
decay_tail_amplitude_fraction,nofilter,phase,TESTED_NEW,decay_tail_amplitude_fraction,50,True,0,0,0,0,,POR_DESENHO
decay_tail_amplitude_fraction,nosmoothing,phase,TESTED_NEW,decay_tail_amplitude_fraction,50,True,0,0,0,0,,POR_DESENHO
decay_tail_amplitude_fraction,manual_sm,phase,TESTED_NEW,decay_tail_amplitude_fraction,50,True,0,0,0,0,,POR_DESENHO
decay_tail_amplitude_fraction,manual_sm2,phase,TESTED_NEW,decay_tail_amplitude_fraction,50,True,0,0,0,0,,POR_DESENHO
decay_tail_amplitude_fraction,mature_derivative,phase,SKIPPED_DEFERRED,decay_tail_amplitude_fraction,,,,,,,,
decay_tail_amplitude_fraction,mature_amplitude,phase,SKIPPED_DEFERRED,decay_tail_amplitude_fraction,,,,,,,,
decay_tail_amplitude_fraction,plateau_single_derivative,phase,SKIPPED_DEFERRED,decay_tail_amplitude_fraction,,,,,,,,
decay_tail_amplitude_fraction,plateau_single_vorticity,phase,SKIPPED_DEFERRED,decay_tail_amplitude_fraction,,,,,,,,
decay_tail_amplitude_fraction,plateau_sustained_derivative,phase,SKIPPED_DEFERRED,decay_tail_amplitude_fraction,,,,,,,,
decay_tail_amplitude_fraction,plateau_sustained_vorticity,phase,SKIPPED_DEFERRED,decay_tail_amplitude_fraction,,,,,,,,
decay_tail_amplitude_fraction,extrema_prominence_on,phase,SKIPPED_DEFERRED,decay_tail_amplitude_fraction,,,,,,,,
decay_tail_amplitude_fraction,extrema_distance_on,phase,SKIPPED_DEFERRED,decay_tail_amplitude_fraction,,,,,,,,
decay_tail_amplitude_fraction,decay_tail_on,phase,TESTED_CURATED,decay_tail_amplitude_fraction,50,True,0,0,0,0,,POR_DESENHO
