id,fonte,caso,n_steps,seq_base,seq_forcado_all,seq_forcado_z_only,all_==_z_only,mudou,rotulo,bate_base,bate_forcado,detalhe_base,detalhe_forcado
20180170,real,,69,incipient>decay>intensification>mature>decay,incipient>intensification>mature>decay,incipient>intensification>mature>decay,True,True,incipient>intensification>mature>decay,False,True,sequencia diferente,"intensification@20±1: det 8 (err 12, unsure); mature@34±1: det 36 (err 2, unsure); decay@43±1: det 49 (err 6, unsure)"
20180608,real,,117,incipient>intensification>mature>decay,incipient>intensification>mature>decay,incipient>intensification>mature>decay,True,False,incipient>intensification>mature>decay,True,True,"intensification@37±1: det 38 (err 1, ok); mature@61±2: det 62 (err 1, ok); decay@74±2: det 71 (err 3, FORA)","intensification@37±1: det 38 (err 1, ok); mature@61±2: det 62 (err 1, ok); decay@74±2: det 71 (err 3, FORA)"
20190325,real,,167,incipient>decay>intensification>mature>decay,incipient>intensification>decay>intensification>mature>decay,incipient>intensification>decay>intensification>mature>decay,True,True,incipient>intensification>mature>decay,False,False,sequencia diferente,sequencia diferente
20191014,real,,206,incipient>decay>intensification>decay,incipient>intensification>mature>decay>residual,incipient>intensification>mature>decay>residual,True,True,intensification>mature>decay,False,False,sequencia diferente,sequencia diferente
20206498,real,,133,incipient>decay>intensification>decay,incipient>intensification>decay>intensification>decay,incipient>intensification>decay>intensification>decay,True,True,<split de teste: nao lido>,,,,
s8001f17b,sintetico,DItMD_noisy,66,decay>intensification>mature>decay,intensification>mature>decay,intensification>mature>decay,True,True,decay>intensification>mature>decay,True,False,"intensification@11±2: det 13 (err 2, ok); mature@26±2: det 26 (err 0, ok); decay@40±3: det 40 (err 0, ok)",sequencia diferente
s5b8aa46f,sintetico,DItMD_residual_noisy,66,decay>intensification>mature>decay>residual,intensification>mature>decay>residual,intensification>mature>decay>residual,True,True,decay>intensification>mature>decay>residual,True,False,"intensification@11±2: det 12 (err 1, ok); mature@22±1: det 24 (err 2, FORA); decay@32±1: det 32 (err 0, ok); residual@49±2: det 48 (err 1, ok)",sequencia diferente
s6b1e8245,sintetico,IcDItMD_noisy,66,incipient>decay>intensification>mature>decay,incipient>intensification>mature>decay,incipient>intensification>mature>decay,True,True,incipient>decay>intensification>mature>decay,True,False,"decay@3±1: det 2 (err 1, ok); intensification@18±2: det 19 (err 1, ok); mature@34±2: det 35 (err 1, ok); decay@46±2: det 46 (err 0, ok)",sequencia diferente
scfcf1387,sintetico,IcDItMD_residual_noisy,66,incipient>decay>intensification>mature>decay>residual,incipient>intensification>mature>decay>residual,incipient>intensification>mature>decay>residual,True,True,incipient>decay>intensification>mature>decay>residual,True,False,"decay@3±1: det 2 (err 1, ok); intensification@16±3: det 17 (err 1, ok); mature@29±2: det 30 (err 1, ok); decay@39±2: det 38 (err 1, ok); residual@54±3: det 53 (err 1, ok)",sequencia diferente
