dataset,track,config,gt_kind,gt_boundary,n,r_t0,r_tfinal,via,via_fired,leading_nan_len,total_nan,n_phases_order,phases_order,replica_consistent,has_incipient,boundary_idx,boundary_frac,boundary_hours,rel_at_boundary,rel_mean_first10pct,rel_argmax_idx,tau0.05_idx,tau0.05_frac,tau0.05_hours,tau0.05_minus_current,tau0.10_idx,tau0.10_frac,tau0.10_hours,tau0.10_minus_current,tau0.15_idx,tau0.15_frac,tau0.15_hours,tau0.15_minus_current,tau0.20_idx,tau0.20_frac,tau0.20_hours,tau0.20_minus_current,tau0.30_idx,tau0.30_frac,tau0.30_hours,tau0.30_minus_current,phase_seq,boundary_err,tau0.05_err,tau0.10_err,tau0.15_err,tau0.20_err,tau0.30_err
real,20150069,author,,,66,0.11439530854507839,0.09809633034504112,iii_caseB_startsIt,True,0,0,3,intensification > mature > decay,True,True,4,0.06060606060606061,4.0,0.7711779573698553,0.508074874163427,8,0,0.0,0.0,-4.0,0,0.0,0.0,-4.0,1,0.015151515151515152,1.0,-3.0,1,0.015151515151515152,1.0,-3.0,2,0.030303030303030304,2.0,-2.0,incipient > intensification > mature > decay,,,,,,
real,20150069,defaults,,,66,0.4621974398384656,0.419352481590778,iii_caseB_startsIt,True,0,0,3,intensification > mature > decay,True,True,7,0.10606060606060606,7.0,0.7140336395590183,0.5416949031479344,17,0,0.0,0.0,-7.0,0,0.0,0.0,-7.0,0,0.0,0.0,-7.0,0,0.0,0.0,-7.0,0,0.0,0.0,-7.0,incipient > intensification > mature > decay,,,,,,
real,20150377,author,,,113,0.030856954491379762,0.03426130731573965,iii_caseB_startsIt,True,0,0,3,intensification > mature > decay,True,True,3,0.02654867256637168,3.0,0.1667782638939032,0.18426756105732345,46,1,0.008849557522123894,1.0,-2.0,2,0.017699115044247787,2.0,-1.0,3,0.02654867256637168,3.0,0.0,4,0.035398230088495575,4.0,1.0,37,0.3274336283185841,37.0,34.0,incipient > intensification > mature > decay,,,,,,
real,20150377,defaults,,,113,0.051306536698117314,0.3438947249391107,iii_caseB_startsIt,True,0,0,3,intensification > mature > decay,True,True,17,0.1504424778761062,17.0,0.34234067318554795,0.10096614524794066,42,0,0.0,0.0,-17.0,6,0.05309734513274336,6.0,-11.0,9,0.07964601769911504,9.0,-8.0,12,0.10619469026548672,12.0,-5.0,16,0.1415929203539823,16.0,-1.0,incipient > intensification > mature > decay,,,,,,
real,20150436,author,,,112,0.01758486363922685,0.04228087579875043,iii_caseB_startsIt,True,0,0,3,intensification > mature > decay,True,True,4,0.03571428571428571,4.0,0.12337902385281425,0.11937825285512678,50,2,0.017857142857142856,2.0,-2.0,4,0.03571428571428571,4.0,0.0,6,0.05357142857142857,6.0,2.0,20,0.17857142857142858,20.0,16.0,23,0.20535714285714285,23.0,19.0,incipient > intensification > mature > decay,,,,,,
real,20150436,defaults,,,112,0.11262857951791715,0.37196935060768427,iii_caseB_startsIt,True,0,0,3,intensification > mature > decay,True,True,18,0.16071428571428573,18.0,0.44159088846954336,0.17067846703157108,43,0,0.0,0.0,-18.0,0,0.0,0.0,-18.0,4,0.03571428571428571,4.0,-14.0,8,0.07142857142857142,8.0,-10.0,13,0.11607142857142858,13.0,-5.0,incipient > intensification > mature > decay,,,,,,
real,20150528,author,,,51,0.06668101038691947,0.11518852148153359,iii_caseB_startsIt,True,0,0,3,intensification > mature > decay,True,True,3,0.058823529411764705,3.0,0.3405027830703464,0.2382499331612587,43,0,0.0,0.0,-3.0,1,0.0196078431372549,1.0,-2.0,2,0.0392156862745098,2.0,-1.0,2,0.0392156862745098,2.0,-1.0,3,0.058823529411764705,3.0,0.0,incipient > intensification > mature > decay,,,,,,
real,20150528,defaults,,,51,0.23450083494977073,0.5346608881618045,iii_caseB_startsIt,True,0,0,3,intensification > mature > decay,True,True,8,0.1568627450980392,8.0,0.5646064389048651,0.2931638409208214,19,0,0.0,0.0,-8.0,0,0.0,0.0,-8.0,0,0.0,0.0,-8.0,0,0.0,0.0,-8.0,3,0.058823529411764705,3.0,-5.0,incipient > intensification > mature > decay,,,,,,
real,20150532,author,,,107,0.08043191038839004,0.0632872044116618,iii_caseB_startsIt,True,0,0,3,intensification > mature > decay,True,True,8,0.07476635514018691,8.0,0.7483457935665645,0.5105343205106845,18,0,0.0,0.0,-8.0,1,0.009345794392523364,1.0,-7.0,1,0.009345794392523364,1.0,-7.0,2,0.018691588785046728,2.0,-6.0,2,0.018691588785046728,2.0,-6.0,incipient > intensification > mature > decay > residual,,,,,,
real,20150532,defaults,,,107,0.6943163349405227,0.40698410981943883,iii_caseB_startsIt,True,0,0,3,intensification > mature > decay,True,True,8,0.07476635514018691,8.0,0.8619909505889322,0.7870236616900869,19,0,0.0,0.0,-8.0,0,0.0,0.0,-8.0,0,0.0,0.0,-8.0,0,0.0,0.0,-8.0,0,0.0,0.0,-8.0,incipient > intensification > mature > decay,,,,,,
real,20150561,author,,,146,0.07279288949084889,0.06964933560569835,iii_caseB_startsIt,True,0,0,3,intensification > mature > decay,True,True,5,0.03424657534246575,5.0,0.671383554929227,0.6851783703520056,55,0,0.0,0.0,-5.0,1,0.00684931506849315,1.0,-4.0,2,0.0136986301369863,2.0,-3.0,2,0.0136986301369863,2.0,-3.0,3,0.02054794520547945,3.0,-2.0,incipient > intensification > mature > decay > residual,,,,,,
real,20150561,defaults,,,146,0.8509510871712981,0.39718289420384967,iii_caseB_startsIt,True,0,0,3,intensification > mature > decay,True,True,7,0.04794520547945205,7.0,0.9394814367506151,0.9289747891088737,16,0,0.0,0.0,-7.0,0,0.0,0.0,-7.0,0,0.0,0.0,-7.0,0,0.0,0.0,-7.0,0,0.0,0.0,-7.0,incipient > intensification > mature > decay,,,,,,
real,20150646,author,,,130,0.029456257374245412,0.05461080121943047,iii_caseB_startsIt,True,0,0,3,intensification > mature > decay,True,True,7,0.05384615384615385,7.0,0.4483432482774259,0.392329927956645,105,1,0.007692307692307693,1.0,-6.0,2,0.015384615384615385,2.0,-5.0,3,0.023076923076923078,3.0,-4.0,4,0.03076923076923077,4.0,-3.0,5,0.038461538461538464,5.0,-2.0,incipient > intensification > mature > decay,,,,,,
real,20150646,defaults,,,130,0.5248280882217558,0.9324352128164783,iii_caseB_startsIt,True,0,0,3,intensification > mature > decay,True,True,2,0.015384615384615385,2.0,0.5264507460666856,0.518581433891701,119,0,0.0,0.0,-2.0,0,0.0,0.0,-2.0,0,0.0,0.0,-2.0,0,0.0,0.0,-2.0,0,0.0,0.0,-2.0,incipient > intensification > mature > decay,,,,,,
real,20150656,author,,,160,0.04593304079217523,0.09543352166575741,iii_caseB_startsIt,True,0,0,6,intensification > mature > decay > intensification > mature > decay,True,True,9,0.05625,9.0,0.5922671206223,0.49187860422086355,20,1,0.00625,1.0,-8.0,2,0.0125,2.0,-7.0,2,0.0125,2.0,-7.0,3,0.01875,3.0,-6.0,4,0.025,4.0,-5.0,incipient > intensification > mature > decay,,,,,,
real,20150656,defaults,,,160,0.9340909351591148,0.029602204469205456,iii_caseB_startsIt,True,0,0,3,intensification > mature > decay,True,True,6,0.0375,6.0,0.9764270717901055,0.9776221951410352,13,0,0.0,0.0,-6.0,0,0.0,0.0,-6.0,0,0.0,0.0,-6.0,0,0.0,0.0,-6.0,0,0.0,0.0,-6.0,incipient > intensification > mature > decay > residual,,,,,,
real,20150746,author,,,71,0.09113528419993115,0.018648707338715778,iii_caseB_startsIt,True,0,0,3,intensification > mature > decay,True,True,4,0.056338028169014086,4.0,0.6628037800503033,0.49629273308499194,9,0,0.0,0.0,-4.0,1,0.014084507042253521,1.0,-3.0,1,0.014084507042253521,1.0,-3.0,2,0.028169014084507043,2.0,-2.0,2,0.028169014084507043,2.0,-2.0,incipient > intensification > mature > decay,,,,,,
real,20150746,defaults,,,71,0.7005174234362688,0.10303181799299012,iii_caseB_startsIt,True,0,0,3,intensification > mature > decay,True,True,6,0.08450704225352113,6.0,0.8820681074575579,0.7896542530326772,13,0,0.0,0.0,-6.0,0,0.0,0.0,-6.0,0,0.0,0.0,-6.0,0,0.0,0.0,-6.0,0,0.0,0.0,-6.0,incipient > intensification > mature > decay,,,,,,
real,20160030,author,,,153,0.015474384888570147,0.045710471325901114,iii_caseB_startsIt,True,0,0,3,intensification > mature > decay,True,True,9,0.058823529411764705,9.0,0.15403927349958238,0.15092307423911766,37,2,0.013071895424836602,2.0,-7.0,5,0.032679738562091505,5.0,-4.0,9,0.058823529411764705,9.0,0.0,11,0.0718954248366013,11.0,2.0,13,0.08496732026143791,13.0,4.0,incipient > intensification > mature > decay > residual,,,,,,
real,20160030,defaults,,,153,0.6807467903764584,0.11571467347369195,iii_caseB_startsIt,True,0,0,3,intensification > mature > decay,True,True,11,0.0718954248366013,11.0,0.8523182365066404,0.7883962881441536,26,0,0.0,0.0,-11.0,0,0.0,0.0,-11.0,0,0.0,0.0,-11.0,0,0.0,0.0,-11.0,0,0.0,0.0,-11.0,incipient > intensification > mature > decay,,,,,,
real,20160587,author,,,79,0.06000371175221112,0.10394285692745077,iii_caseB_startsIt,True,0,0,3,intensification > mature > decay,True,True,4,0.05063291139240506,4.0,0.44427401481252243,0.33397348055916576,44,0,0.0,0.0,-4.0,1,0.012658227848101266,1.0,-3.0,2,0.02531645569620253,2.0,-2.0,2,0.02531645569620253,2.0,-2.0,3,0.0379746835443038,3.0,-1.0,incipient > intensification > mature > decay,,,,,,
real,20160587,defaults,,,79,0.24423430801213142,0.2544606846933887,iii_caseB_startsIt,True,0,0,3,intensification > mature > decay,True,True,16,0.20253164556962025,16.0,0.4973768242899898,0.2750045294835862,39,0,0.0,0.0,-16.0,0,0.0,0.0,-16.0,0,0.0,0.0,-16.0,0,0.0,0.0,-16.0,6,0.0759493670886076,6.0,-10.0,incipient > intensification > mature > decay,,,,,,
real,20160735,author,,,259,0.11359006518009339,0.0979006594068778,iii_caseB_startsIt,True,0,0,9,intensification > mature > decay > intensification > mature > decay > intensification > mature > decay,True,True,3,0.011583011583011582,3.0,0.5880330604556415,0.4177645273548551,189,0,0.0,0.0,-3.0,0,0.0,0.0,-3.0,1,0.003861003861003861,1.0,-2.0,1,0.003861003861003861,1.0,-2.0,2,0.007722007722007722,2.0,-1.0,incipient > intensification > mature > decay,,,,,,
real,20160735,defaults,,,259,0.5098112935568012,0.027654015201993645,iii_caseB_startsIt,True,0,0,6,intensification > mature > decay > intensification > mature > decay,True,True,12,0.04633204633204633,12.0,0.6099899659839815,0.60986925553418,200,0,0.0,0.0,-12.0,0,0.0,0.0,-12.0,0,0.0,0.0,-12.0,0,0.0,0.0,-12.0,0,0.0,0.0,-12.0,incipient > intensification > mature > decay > residual,,,,,,
real,20170154,author,,,124,0.06270002748201844,0.10863822426875633,iii_caseB_startsIt,True,0,0,3,intensification > mature > decay,True,True,9,0.07258064516129033,9.0,0.725332694428822,0.4980421679832019,22,0,0.0,0.0,-9.0,1,0.008064516129032258,1.0,-8.0,2,0.016129032258064516,2.0,-7.0,2,0.016129032258064516,2.0,-7.0,3,0.024193548387096774,3.0,-6.0,incipient > intensification > mature > decay > residual,,,,,,
real,20170154,defaults,,,124,0.6750309324550227,0.27416196415901617,iii_caseB_startsIt,True,0,0,3,intensification > mature > decay,True,True,10,0.08064516129032258,10.0,0.8524607077066104,0.7705820724220557,23,0,0.0,0.0,-10.0,0,0.0,0.0,-10.0,0,0.0,0.0,-10.0,0,0.0,0.0,-10.0,0,0.0,0.0,-10.0,incipient > intensification > mature > decay,,,,,,
real,20170225,author,,,31,0.09058933673013841,0.04509865402535127,iii_caseB_startsIt,True,0,0,3,intensification > mature > decay,True,True,6,0.1935483870967742,6.0,0.5997499888744088,0.1983442471681557,14,0,0.0,0.0,-6.0,1,0.03225806451612903,1.0,-5.0,1,0.03225806451612903,1.0,-5.0,2,0.06451612903225806,2.0,-4.0,2,0.06451612903225806,2.0,-4.0,incipient > intensification > mature > decay,,,,,,
real,20170225,defaults,,,31,0.225448589279888,0.08873646264663522,iii_caseB_startsIt,True,0,0,3,intensification > mature > decay,True,True,6,0.1935483870967742,6.0,0.6360098977922065,0.2689345398169729,13,0,0.0,0.0,-6.0,0,0.0,0.0,-6.0,0,0.0,0.0,-6.0,0,0.0,0.0,-6.0,2,0.06451612903225806,2.0,-4.0,incipient > intensification > mature > decay,,,,,,
real,20170342,author,,,146,0.10507763871353747,0.07476386314229977,iii_caseB_startsIt,True,0,0,3,intensification > mature > decay,True,True,4,0.0273972602739726,4.0,0.7248251540118268,0.6937710532587363,93,0,0.0,0.0,-4.0,0,0.0,0.0,-4.0,1,0.00684931506849315,1.0,-3.0,1,0.00684931506849315,1.0,-3.0,2,0.0136986301369863,2.0,-2.0,incipient > intensification > mature > decay > residual,,,,,,
real,20170342,defaults,,,146,0.7610990307997287,0.09876523527245729,iii_caseB_startsIt,True,0,0,3,intensification > mature > decay,True,True,10,0.0684931506849315,10.0,0.894351703484601,0.8467114583064733,23,0,0.0,0.0,-10.0,0,0.0,0.0,-10.0,0,0.0,0.0,-10.0,0,0.0,0.0,-10.0,0,0.0,0.0,-10.0,incipient > intensification > mature > decay > residual,,,,,,
real,20170409,author,,,169,0.028531174313657277,0.04539795290671838,iii_caseB_startsIt,True,0,0,3,intensification > mature > decay,True,True,7,0.04142011834319527,7.0,0.35266516118091457,0.320609311373485,56,1,0.005917159763313609,1.0,-6.0,2,0.011834319526627219,2.0,-5.0,3,0.01775147928994083,3.0,-4.0,4,0.023668639053254437,4.0,-3.0,6,0.03550295857988166,6.0,-1.0,incipient > intensification > mature > decay > residual,,,,,,
real,20170409,defaults,,,169,0.5420048897516826,0.3194330446072782,iii_caseB_startsIt,True,0,0,3,intensification > mature > decay,True,True,15,0.08875739644970414,15.0,0.7716049830987812,0.650629896614397,36,0,0.0,0.0,-15.0,0,0.0,0.0,-15.0,0,0.0,0.0,-15.0,0,0.0,0.0,-15.0,0,0.0,0.0,-15.0,incipient > intensification > mature > decay,,,,,,
real,20170520,author,,,58,0.11420050930701324,0.06012494721031262,iii_caseB_startsIt,True,0,0,3,intensification > mature > decay,True,True,3,0.05172413793103448,3.0,0.6165153635467575,0.4300386422184843,23,0,0.0,0.0,-3.0,0,0.0,0.0,-3.0,1,0.017241379310344827,1.0,-2.0,1,0.017241379310344827,1.0,-2.0,2,0.034482758620689655,2.0,-1.0,incipient > intensification > mature > decay,,,,,,
real,20170520,defaults,,,58,0.37525239496726404,0.3017396450917267,iii_caseB_startsIt,True,0,0,3,intensification > mature > decay,True,True,7,0.1206896551724138,7.0,0.6658713146904639,0.4428202702931256,17,0,0.0,0.0,-7.0,0,0.0,0.0,-7.0,0,0.0,0.0,-7.0,0,0.0,0.0,-7.0,0,0.0,0.0,-7.0,incipient > intensification > mature > decay,,,,,,
real,20170587,author,,,68,0.11693088189038556,0.07264920013998889,iii_caseB_startsIt,True,0,0,3,intensification > mature > decay,True,True,3,0.04411764705882353,3.0,0.5799531627252646,0.4516143285714638,56,0,0.0,0.0,-3.0,0,0.0,0.0,-3.0,1,0.014705882352941176,1.0,-2.0,1,0.014705882352941176,1.0,-2.0,2,0.029411764705882353,2.0,-1.0,incipient > intensification > mature > decay,,,,,,
real,20170587,defaults,,,68,0.26015963876538406,0.6609058887066723,iii_caseB_startsIt,True,0,0,3,intensification > mature > decay,True,True,12,0.17647058823529413,12.0,0.5618368978337908,0.30122127121942954,28,0,0.0,0.0,-12.0,0,0.0,0.0,-12.0,0,0.0,0.0,-12.0,0,0.0,0.0,-12.0,3,0.04411764705882353,3.0,-9.0,incipient > intensification > mature > decay,,,,,,
real,20170756,author,,,65,0.05308126739281833,0.10978253066905203,iii_caseB_startsIt,True,0,0,3,intensification > mature > decay,True,True,3,0.046153846153846156,3.0,0.28240552683294584,0.22845931895079538,56,0,0.0,0.0,-3.0,1,0.015384615384615385,1.0,-2.0,2,0.03076923076923077,2.0,-1.0,2,0.03076923076923077,2.0,-1.0,4,0.06153846153846154,4.0,1.0,incipient > intensification > mature > decay,,,,,,
real,20170756,defaults,,,65,0.12804385211062014,0.5116931259460507,iii_caseB_startsIt,True,0,0,3,intensification > mature > decay,True,True,2,0.03076923076923077,2.0,0.1322238129849475,0.13180623935486113,47,0,0.0,0.0,-2.0,0,0.0,0.0,-2.0,21,0.3230769230769231,21.0,19.0,22,0.3384615384615385,22.0,20.0,25,0.38461538461538464,25.0,23.0,incipient > intensification > mature > decay,,,,,,
real,20170760,author,,,59,0.17208094799909057,0.00020243479426435094,i_catch_all_only,False,0,0,2,intensification > decay,True,False,-1,,,,0.5938263632681271,5,0,0.0,0.0,,0,0.0,0.0,,0,0.0,0.0,,1,0.01694915254237288,1.0,,1,0.01694915254237288,1.0,,intensification > decay,,,,,,
real,20170760,defaults,,,59,0.540543664094581,0.41061160753568254,iii_caseB_startsIt,True,0,0,3,intensification > mature > decay,True,True,7,0.11864406779661017,7.0,0.8014785961011814,0.6056870550519625,15,0,0.0,0.0,-7.0,0,0.0,0.0,-7.0,0,0.0,0.0,-7.0,0,0.0,0.0,-7.0,0,0.0,0.0,-7.0,incipient > intensification > mature > decay,,,,,,
real,20170794,author,,,224,0.041452501457658816,0.032925321180998286,iii_caseB_startsIt,True,0,0,6,intensification > mature > decay > intensification > mature > decay,True,True,7,0.03125,7.0,0.5204724623185861,0.5543448763898566,32,1,0.004464285714285714,1.0,-6.0,2,0.008928571428571428,2.0,-5.0,2,0.008928571428571428,2.0,-5.0,3,0.013392857142857142,3.0,-4.0,4,0.017857142857142856,4.0,-3.0,incipient > intensification > mature > decay,,,,,,
real,20170794,defaults,,,224,0.8971556157226325,0.2499387162477531,iii_caseB_startsIt,True,0,0,6,intensification > mature > decay > intensification > mature > decay,True,True,8,0.03571428571428571,8.0,0.9499827866695228,0.9598928832751649,19,0,0.0,0.0,-8.0,0,0.0,0.0,-8.0,0,0.0,0.0,-8.0,0,0.0,0.0,-8.0,0,0.0,0.0,-8.0,incipient > intensification > mature > decay,,,,,,
real,20170899,author,,,52,0.12226865083613842,0.0796625795241121,iii_caseB_startsIt,True,0,0,3,intensification > mature > decay,True,True,3,0.057692307692307696,3.0,0.6381218295115427,0.44566901527796715,15,0,0.0,0.0,-3.0,0,0.0,0.0,-3.0,1,0.019230769230769232,1.0,-2.0,1,0.019230769230769232,1.0,-2.0,2,0.038461538461538464,2.0,-1.0,incipient > intensification > mature > decay,,,,,,
real,20170899,defaults,,,52,0.4500657340090069,0.18861708036205255,iii_caseB_startsIt,True,0,0,3,intensification > mature > decay,True,True,6,0.11538461538461539,6.0,0.723039780141172,0.5299316299151948,14,0,0.0,0.0,-6.0,0,0.0,0.0,-6.0,0,0.0,0.0,-6.0,0,0.0,0.0,-6.0,0,0.0,0.0,-6.0,incipient > intensification > mature > decay,,,,,,
real,20171179,author,,,62,0.06378195266422883,0.037896516038775384,iii_caseB_startsIt,True,0,0,3,intensification > mature > decay,True,True,7,0.11290322580645161,7.0,0.5740230168606395,0.27536017951555763,16,0,0.0,0.0,-7.0,1,0.016129032258064516,1.0,-6.0,2,0.03225806451612903,2.0,-5.0,2,0.03225806451612903,2.0,-5.0,3,0.04838709677419355,3.0,-4.0,incipient > intensification > mature > decay,,,,,,
real,20171179,defaults,,,62,0.2742199425917015,0.10464820536226924,iii_caseB_startsIt,True,0,0,3,intensification > mature > decay,True,True,9,0.14516129032258066,9.0,0.6018082993040976,0.3441321617095931,22,0,0.0,0.0,-9.0,0,0.0,0.0,-9.0,0,0.0,0.0,-9.0,0,0.0,0.0,-9.0,2,0.03225806451612903,2.0,-7.0,incipient > intensification > mature > decay,,,,,,
real,20180129,author,,,60,0.09121364442530223,0.02169464246890931,iii_caseB_startsIt,True,0,0,3,intensification > mature > decay,True,True,6,0.1,6.0,0.814072760991023,0.41457498681752,13,0,0.0,0.0,-6.0,1,0.016666666666666666,1.0,-5.0,1,0.016666666666666666,1.0,-5.0,2,0.03333333333333333,2.0,-4.0,2,0.03333333333333333,2.0,-4.0,incipient > intensification > mature > decay,,,,,,
real,20180129,defaults,,,60,0.49736788752397537,0.12676213794105118,iii_caseB_startsIt,True,0,0,3,intensification > mature > decay,True,True,7,0.11666666666666667,7.0,0.7815630913722525,0.5888756222411948,15,0,0.0,0.0,-7.0,0,0.0,0.0,-7.0,0,0.0,0.0,-7.0,0,0.0,0.0,-7.0,0,0.0,0.0,-7.0,incipient > intensification > mature > decay,,,,,,
real,20180170,author,,,69,0.01066020990300677,0.1209991319733002,iv_caseC_startsD,True,0,0,4,decay > intensification > mature > decay,True,True,1,0.014492753623188406,1.0,0.019005319336100134,0.02513579892826027,61,5,0.07246376811594203,5.0,4.0,6,0.08695652173913043,6.0,5.0,7,0.10144927536231885,7.0,6.0,8,0.11594202898550725,8.0,7.0,25,0.36231884057971014,25.0,24.0,incipient > decay > intensification > mature,,,,,,
real,20180170,defaults,,,69,0.08841151553068938,0.673180668337126,iii_caseB_startsIt,True,0,0,3,intensification > mature > decay,True,True,11,0.15942028985507245,11.0,0.22452432319163512,0.10748089607656537,55,0,0.0,0.0,-11.0,2,0.028985507246376812,2.0,-9.0,7,0.10144927536231885,7.0,-4.0,10,0.14492753623188406,10.0,-1.0,15,0.21739130434782608,15.0,4.0,incipient > intensification > mature > decay,,,,,,
real,20180263,author,,,57,0.07414741070256847,0.07988920406871751,iii_caseB_startsIt,True,0,0,3,intensification > mature > decay,True,True,4,0.07017543859649122,4.0,0.5701335082201103,0.30402836433037905,9,0,0.0,0.0,-4.0,1,0.017543859649122806,1.0,-3.0,2,0.03508771929824561,2.0,-2.0,2,0.03508771929824561,2.0,-2.0,3,0.05263157894736842,3.0,-1.0,incipient > intensification > mature > decay > residual,,,,,,
real,20180263,defaults,,,57,0.5373856005549057,0.06788039114731802,iii_caseB_startsIt,True,0,0,3,intensification > mature > decay,True,True,6,0.10526315789473684,6.0,0.7792504905965334,0.6098169624678551,14,0,0.0,0.0,-6.0,0,0.0,0.0,-6.0,0,0.0,0.0,-6.0,0,0.0,0.0,-6.0,0,0.0,0.0,-6.0,incipient > intensification > mature > decay > residual,,,,,,
real,20180300,author,,,59,0.12941820745247962,0.034350690107630054,iii_caseB_startsIt,True,0,0,3,intensification > mature > decay,True,True,3,0.05084745762711865,3.0,0.6945380695955238,0.48430525831975135,6,0,0.0,0.0,-3.0,0,0.0,0.0,-3.0,1,0.01694915254237288,1.0,-2.0,1,0.01694915254237288,1.0,-2.0,2,0.03389830508474576,2.0,-1.0,incipient > intensification > mature > decay,,,,,,
real,20180300,defaults,,,59,0.7475754450099602,0.3381150818119066,iii_caseB_startsIt,True,0,0,3,intensification > mature > decay,True,True,4,0.06779661016949153,4.0,0.886473205254829,0.8161045240867747,9,0,0.0,0.0,-4.0,0,0.0,0.0,-4.0,0,0.0,0.0,-4.0,0,0.0,0.0,-4.0,0,0.0,0.0,-4.0,incipient > intensification > mature > decay,,,,,,
real,20180608,author,,,117,0.02648867948197291,0.1103698142268227,iv_caseC_startsD,True,0,0,4,decay > intensification > mature > decay,True,True,3,0.02564102564102564,3.0,0.13505446529794315,0.10179284450231675,54,1,0.008547008547008548,1.0,-2.0,3,0.02564102564102564,3.0,0.0,4,0.03418803418803419,4.0,1.0,15,0.1282051282051282,15.0,12.0,42,0.358974358974359,42.0,39.0,incipient > decay > intensification > mature,,,,,,
real,20180608,defaults,,,117,0.011610935979957278,0.28054140966775254,iii_caseB_startsIt,True,0,0,3,intensification > mature > decay,True,True,19,0.1623931623931624,19.0,0.2664838581030692,0.04042794642173848,46,7,0.05982905982905983,7.0,-12.0,12,0.10256410256410256,12.0,-7.0,14,0.11965811965811966,14.0,-5.0,17,0.1452991452991453,17.0,-2.0,21,0.1794871794871795,21.0,2.0,incipient > intensification > mature > decay,,,,,,
real,20180628,author,,,94,0.06848563560873805,0.05722325240178692,iii_caseB_startsIt,True,0,0,6,intensification > mature > decay > intensification > mature > decay,True,True,5,0.05319148936170213,5.0,0.61273119842718,0.47693331358813995,80,0,0.0,0.0,-5.0,1,0.010638297872340425,1.0,-4.0,2,0.02127659574468085,2.0,-3.0,2,0.02127659574468085,2.0,-3.0,3,0.031914893617021274,3.0,-2.0,incipient > intensification > mature > decay,,,,,,
real,20180628,defaults,,,94,0.63456703760355,0.4433134078178258,iii_caseB_startsIt,True,0,0,3,intensification > mature > decay,True,True,8,0.0851063829787234,8.0,0.8342588783571718,0.7312703492989098,18,0,0.0,0.0,-8.0,0,0.0,0.0,-8.0,0,0.0,0.0,-8.0,0,0.0,0.0,-8.0,0,0.0,0.0,-8.0,incipient > intensification > mature > decay,,,,,,
real,20180654,author,,,149,0.10149859059132649,0.013955294933102977,iii_caseB_startsIt,True,0,0,3,intensification > mature > decay,True,True,3,0.020134228187919462,3.0,0.5631637177009404,0.6376653940460596,97,0,0.0,0.0,-3.0,0,0.0,0.0,-3.0,1,0.006711409395973154,1.0,-2.0,1,0.006711409395973154,1.0,-2.0,2,0.013422818791946308,2.0,-1.0,incipient > intensification > mature > decay > residual,,,,,,
real,20180654,defaults,,,149,0.1091994036057217,0.038877166459388116,iii_caseB_startsIt,True,0,0,3,intensification > mature > decay,True,True,20,0.1342281879194631,20.0,0.34992437538704346,0.15512632999960846,104,0,0.0,0.0,-20.0,0,0.0,0.0,-20.0,7,0.04697986577181208,7.0,-13.0,12,0.08053691275167785,12.0,-8.0,18,0.12080536912751678,18.0,-2.0,incipient > intensification > mature > decay,,,,,,
real,20180733,author,,,257,0.11232786935760943,0.016617361294471986,iii_caseB_startsIt,True,0,0,6,intensification > mature > decay > intensification > mature > decay,True,True,3,0.011673151750972763,3.0,0.619070560097749,0.5590328854221458,7,0,0.0,0.0,-3.0,0,0.0,0.0,-3.0,1,0.0038910505836575876,1.0,-2.0,1,0.0038910505836575876,1.0,-2.0,2,0.007782101167315175,2.0,-1.0,incipient > intensification > mature > decay > residual,,,,,,
real,20180733,defaults,,,257,1.0,0.16433361582026726,iii_caseB_startsIt,False,0,0,6,intensification > mature > decay > intensification > mature > decay,True,False,-1,,,,0.9528015710273594,0,0,0.0,0.0,,0,0.0,0.0,,0,0.0,0.0,,0,0.0,0.0,,0,0.0,0.0,,intensification > mature > decay,,,,,,
real,20180759,author,,,88,0.04922079985608228,0.1295893584268159,iii_caseB_startsIt,True,0,0,3,intensification > mature > decay,True,True,5,0.056818181818181816,5.0,0.43292333296629565,0.30430525604996156,23,1,0.011363636363636364,1.0,-4.0,2,0.022727272727272728,2.0,-3.0,2,0.022727272727272728,2.0,-3.0,3,0.03409090909090909,3.0,-2.0,4,0.045454545454545456,4.0,-1.0,incipient > intensification > mature > decay > residual,,,,,,
real,20180759,defaults,,,88,0.5068096579391825,0.16620877893098487,iii_caseB_startsIt,True,0,0,3,intensification > mature > decay,True,True,9,0.10227272727272728,9.0,0.7744795873641511,0.6023844857418484,20,0,0.0,0.0,-9.0,0,0.0,0.0,-9.0,0,0.0,0.0,-9.0,0,0.0,0.0,-9.0,0,0.0,0.0,-9.0,incipient > intensification > mature > decay,,,,,,
real,20181046,author,,,30,0.08246116018857005,0.006588448145258028,i_catch_all_only,False,0,0,1,intensification,True,False,-1,,,,0.17972061201145748,12,0,0.0,0.0,,1,0.03333333333333333,1.0,,1,0.03333333333333333,1.0,,2,0.06666666666666667,2.0,,3,0.1,3.0,,intensification,,,,,,
real,20181046,defaults,,,30,0.21288579156784604,0.028327945400705566,i_catch_all_only,False,0,0,1,intensification,True,False,-1,,,,0.2621439119109255,12,0,0.0,0.0,,0,0.0,0.0,,0,0.0,0.0,,0,0.0,0.0,,2,0.06666666666666667,2.0,,intensification,,,,,,
real,20190325,author,,,167,0.00478109360140136,0.04344950463101058,iv_caseC_startsD,True,0,0,4,decay > intensification > mature > decay,True,True,1,0.005988023952095809,1.0,0.007575830163529343,0.3711617219309503,95,5,0.029940119760479042,5.0,4.0,6,0.03592814371257485,6.0,5.0,6,0.03592814371257485,6.0,5.0,7,0.041916167664670656,7.0,6.0,8,0.04790419161676647,8.0,7.0,incipient > decay > intensification > mature > residual,,,,,,
real,20190325,defaults,,,167,0.8333040321975862,0.0934014909735156,iii_caseB_startsIt,True,0,0,3,intensification > mature > decay,True,True,10,0.059880239520958084,10.0,0.9260192412434717,0.9018364203706817,24,0,0.0,0.0,-10.0,0,0.0,0.0,-10.0,0,0.0,0.0,-10.0,0,0.0,0.0,-10.0,0,0.0,0.0,-10.0,incipient > intensification > mature > decay > residual,,,,,,
real,20190397,author,,,56,0.051159177351229934,0.09548982493720427,iii_caseB_startsIt,True,0,0,3,intensification > mature > decay,True,True,8,0.14285714285714285,8.0,0.6803448054848205,0.2088657447134788,19,0,0.0,0.0,-8.0,1,0.017857142857142856,1.0,-7.0,2,0.03571428571428571,2.0,-6.0,2,0.03571428571428571,2.0,-6.0,4,0.07142857142857142,4.0,-4.0,incipient > intensification > mature > decay,,,,,,
real,20190397,defaults,,,56,0.31348596723226385,0.2648257321788648,iii_caseB_startsIt,True,0,0,3,intensification > mature > decay,True,True,8,0.14285714285714285,8.0,0.6585878335960247,0.3804291554376677,18,0,0.0,0.0,-8.0,0,0.0,0.0,-8.0,0,0.0,0.0,-8.0,0,0.0,0.0,-8.0,0,0.0,0.0,-8.0,incipient > intensification > mature > decay,,,,,,
real,20190639,author,,,180,0.049769510638681985,0.08638174123118159,iii_caseB_startsIt,True,0,0,3,intensification > mature > decay,True,True,3,0.016666666666666666,3.0,0.2530150155296016,0.30056821071252077,46,1,0.005555555555555556,1.0,-2.0,2,0.011111111111111112,2.0,-1.0,2,0.011111111111111112,2.0,-1.0,3,0.016666666666666666,3.0,0.0,5,0.027777777777777776,5.0,2.0,incipient > intensification > mature > decay,,,,,,
real,20190639,defaults,,,180,0.10877002563342614,0.5183863342342417,iii_caseB_startsIt,True,3,3,3,intensification > mature > decay,True,True,23,0.12777777777777777,23.0,0.5522253634438427,0.24557284902892063,51,0,0.0,0.0,-23.0,0,0.0,0.0,-23.0,4,0.022222222222222223,4.0,-19.0,7,0.03888888888888889,7.0,-16.0,12,0.06666666666666667,12.0,-11.0,incipient > intensification > mature > decay,,,,,,
real,20190691,author,,,123,0.11828172770230845,0.030731316699752535,iii_caseB_startsIt,True,0,0,6,intensification > mature > decay > intensification > mature > decay,True,True,3,0.024390243902439025,3.0,0.6317851374335212,0.6405752702629895,100,0,0.0,0.0,-3.0,0,0.0,0.0,-3.0,1,0.008130081300813009,1.0,-2.0,1,0.008130081300813009,1.0,-2.0,2,0.016260162601626018,2.0,-1.0,incipient > intensification > mature > decay,,,,,,
real,20190691,defaults,,,123,0.7626550052870086,0.9521855041855477,iii_caseB_startsIt,True,0,0,3,intensification > mature > decay,True,True,7,0.056910569105691054,7.0,0.8887994736589971,0.8599136484323565,113,0,0.0,0.0,-7.0,0,0.0,0.0,-7.0,0,0.0,0.0,-7.0,0,0.0,0.0,-7.0,0,0.0,0.0,-7.0,incipient > intensification > mature > decay,,,,,,
real,20190870,author,,,129,0.04907698849889053,0.06561263841971253,iii_caseB_startsIt,True,0,0,3,intensification > mature > decay,True,True,4,0.031007751937984496,4.0,0.3515564119216957,0.3483333384079459,29,1,0.007751937984496124,1.0,-3.0,2,0.015503875968992248,2.0,-2.0,2,0.015503875968992248,2.0,-2.0,3,0.023255813953488372,3.0,-1.0,4,0.031007751937984496,4.0,0.0,incipient > intensification > mature > decay,,,,,,
real,20190870,defaults,,,129,0.6720566839165668,0.3198961682137864,iii_caseB_startsIt,True,0,0,3,intensification > mature > decay,True,True,9,0.06976744186046512,9.0,0.8429759001557929,0.7749205938130129,22,0,0.0,0.0,-9.0,0,0.0,0.0,-9.0,0,0.0,0.0,-9.0,0,0.0,0.0,-9.0,0,0.0,0.0,-9.0,incipient > intensification > mature > decay,,,,,,
real,20190879,author,,,79,0.13075075787244259,0.03117508583542201,iii_caseB_startsIt,True,0,0,3,intensification > mature > decay,True,True,3,0.0379746835443038,3.0,0.6985831778826411,0.6273785491309517,6,0,0.0,0.0,-3.0,0,0.0,0.0,-3.0,1,0.012658227848101266,1.0,-2.0,1,0.012658227848101266,1.0,-2.0,2,0.02531645569620253,2.0,-1.0,incipient > intensification > mature > decay,,,,,,
real,20190879,defaults,,,79,0.626737925414604,0.17980335952410972,iii_caseB_startsIt,True,0,0,3,intensification > mature > decay,True,True,7,0.08860759493670886,7.0,0.8374100577309344,0.7127952961302668,15,0,0.0,0.0,-7.0,0,0.0,0.0,-7.0,0,0.0,0.0,-7.0,0,0.0,0.0,-7.0,0,0.0,0.0,-7.0,incipient > intensification > mature > decay,,,,,,
real,20191014,author,,,206,0.03930894154445972,0.059387944253250294,iii_caseB_startsIt,True,0,0,6,intensification > mature > decay > intensification > mature > decay,True,True,5,0.024271844660194174,5.0,0.4000531995024705,0.47862446215007,130,1,0.0048543689320388345,1.0,-4.0,2,0.009708737864077669,2.0,-3.0,2,0.009708737864077669,2.0,-3.0,3,0.014563106796116505,3.0,-2.0,4,0.019417475728155338,4.0,-1.0,incipient > intensification > mature > decay,,,,,,
real,20191014,defaults,,,206,0.6515998173662532,0.31154969130183896,iii_caseB_startsIt,True,0,0,3,intensification > mature > decay,True,True,11,0.05339805825242718,11.0,0.8138999127825075,0.7917044156264648,27,0,0.0,0.0,-11.0,0,0.0,0.0,-11.0,0,0.0,0.0,-11.0,0,0.0,0.0,-11.0,0,0.0,0.0,-11.0,incipient > intensification > mature > decay,,,,,,
real,20191104,author,,,118,0.0997811809108197,0.04190785617892015,iii_caseB_startsIt,True,0,0,3,intensification > mature > decay,True,True,4,0.03389830508474576,4.0,0.7123185405909078,0.6931758852268565,8,0,0.0,0.0,-4.0,1,0.00847457627118644,1.0,-3.0,1,0.00847457627118644,1.0,-3.0,2,0.01694915254237288,2.0,-2.0,2,0.01694915254237288,2.0,-2.0,incipient > intensification > mature > decay,,,,,,
real,20191104,defaults,,,118,0.8884830881474364,0.3802322280386664,iii_caseB_startsIt,True,0,0,3,intensification > mature > decay,True,True,5,0.0423728813559322,5.0,0.9522324644227055,0.9480574384186553,12,0,0.0,0.0,-5.0,0,0.0,0.0,-5.0,0,0.0,0.0,-5.0,0,0.0,0.0,-5.0,0,0.0,0.0,-5.0,incipient > intensification > mature > decay,,,,,,
real,20191155,author,,,93,0.07851598749060071,0.07023894820077758,iii_caseB_startsIt,True,0,0,3,intensification > mature > decay,True,True,7,0.07526881720430108,7.0,0.7356696910667205,0.480215550061922,16,0,0.0,0.0,-7.0,1,0.010752688172043012,1.0,-6.0,1,0.010752688172043012,1.0,-6.0,2,0.021505376344086023,2.0,-5.0,2,0.021505376344086023,2.0,-5.0,incipient > intensification > mature > decay,,,,,,
real,20191155,defaults,,,93,0.5987405316351037,0.35963175697630373,iii_caseB_startsIt,True,0,0,3,intensification > mature > decay,True,True,8,0.08602150537634409,8.0,0.8023812353825929,0.6964974546785271,19,0,0.0,0.0,-8.0,0,0.0,0.0,-8.0,0,0.0,0.0,-8.0,0,0.0,0.0,-8.0,0,0.0,0.0,-8.0,incipient > intensification > mature > decay,,,,,,
real,20201245,author,,,98,0.09360522027266639,0.08616573406593118,iii_caseB_startsIt,True,0,0,3,intensification > mature > decay,True,True,4,0.04081632653061224,4.0,0.6526249901444601,0.5740383109819331,21,0,0.0,0.0,-4.0,1,0.01020408163265306,1.0,-3.0,1,0.01020408163265306,1.0,-3.0,2,0.02040816326530612,2.0,-2.0,2,0.02040816326530612,2.0,-2.0,incipient > intensification > mature > decay,,,,,,
real,20201245,defaults,,,98,0.525757976861142,0.45649870833643547,iii_caseB_startsIt,True,0,0,3,intensification > mature > decay,True,True,9,0.09183673469387756,9.0,0.7575938354248273,0.6218544625282719,22,0,0.0,0.0,-9.0,0,0.0,0.0,-9.0,0,0.0,0.0,-9.0,0,0.0,0.0,-9.0,0,0.0,0.0,-9.0,incipient > intensification > mature > decay,,,,,,
real,20202023,author,,,78,0.04998428877798474,0.11471007279347835,iii_caseB_startsIt,True,0,0,3,intensification > mature > decay,True,True,3,0.038461538461538464,3.0,0.27521635058076915,0.2547777487959742,70,1,0.01282051282051282,1.0,-2.0,2,0.02564102564102564,2.0,-1.0,2,0.02564102564102564,2.0,-1.0,3,0.038461538461538464,3.0,0.0,4,0.05128205128205128,4.0,1.0,incipient > intensification > mature > decay,,,,,,
real,20202023,defaults,,,78,0.2594791230795214,0.4487653965209463,iii_caseB_startsIt,True,0,0,3,intensification > mature > decay,True,True,17,0.21794871794871795,17.0,0.5476499321705428,0.2975238213490798,40,0,0.0,0.0,-17.0,0,0.0,0.0,-17.0,0,0.0,0.0,-17.0,0,0.0,0.0,-17.0,4,0.05128205128205128,4.0,-13.0,incipient > intensification > mature > decay,,,,,,
real,20203373,author,,,79,0.008230867614855038,0.13675236144628047,iii_caseB_startsIt,True,0,0,3,intensification > mature > decay,True,True,8,0.10126582278481013,8.0,0.19970051396877206,0.059121015804392864,72,3,0.0379746835443038,3.0,-5.0,6,0.0759493670886076,6.0,-2.0,7,0.08860759493670886,7.0,-1.0,9,0.11392405063291139,9.0,1.0,11,0.13924050632911392,11.0,3.0,incipient > intensification > mature > decay > residual,,,,,,
real,20203373,defaults,,,79,0.432497439547691,0.4037223641205055,iii_caseB_startsIt,True,0,0,3,intensification > mature > decay,True,True,8,0.10126582278481013,8.0,0.7208984565568599,0.5295542171502124,18,0,0.0,0.0,-8.0,0,0.0,0.0,-8.0,0,0.0,0.0,-8.0,0,0.0,0.0,-8.0,0,0.0,0.0,-8.0,incipient > intensification > mature > decay,,,,,,
real,20203389,author,,,95,0.11970200833255903,0.10933916747101048,iii_caseB_startsIt,True,0,0,3,intensification > mature > decay,True,True,3,0.031578947368421054,3.0,0.6437132757244454,0.6544716853016863,86,0,0.0,0.0,-3.0,0,0.0,0.0,-3.0,1,0.010526315789473684,1.0,-2.0,1,0.010526315789473684,1.0,-2.0,2,0.021052631578947368,2.0,-1.0,incipient > intensification > mature > decay,,,,,,
real,20203389,defaults,,,95,0.565326206468601,0.7282289715073537,iii_caseB_startsIt,True,0,0,3,intensification > mature > decay,True,True,8,0.08421052631578947,8.0,0.6825846902345252,0.6235923088392016,52,0,0.0,0.0,-8.0,0,0.0,0.0,-8.0,0,0.0,0.0,-8.0,0,0.0,0.0,-8.0,0,0.0,0.0,-8.0,incipient > intensification > mature > decay,,,,,,
real,20203947,author,,,242,0.002764763500769794,0.026386984633517116,iv_caseC_startsD,True,0,0,10,decay > intensification > mature > decay > intensification > mature > decay > intensification > mature > decay,True,True,2,0.008264462809917356,2.0,0.00899931135529586,0.11247995695393752,194,9,0.0371900826446281,9.0,7.0,10,0.04132231404958678,10.0,8.0,12,0.049586776859504134,12.0,10.0,14,0.05785123966942149,14.0,12.0,50,0.2066115702479339,50.0,48.0,incipient > decay > intensification > mature > residual,,,,,,
real,20203947,defaults,,,242,0.29304108987770927,0.6323520170983756,iii_caseB_startsIt,True,0,0,3,intensification > mature > decay,True,True,13,0.05371900826446281,13.0,0.39565848310759905,0.38388910989208425,96,0,0.0,0.0,-13.0,0,0.0,0.0,-13.0,0,0.0,0.0,-13.0,0,0.0,0.0,-13.0,2,0.008264462809917356,2.0,-11.0,incipient > intensification > mature > decay > residual,,,,,,
real,20204655,author,,,57,0.04700979731289277,0.0510650712236817,iii_caseB_startsIt,True,0,0,3,intensification > mature > decay,True,True,5,0.08771929824561403,5.0,0.38392288809553027,0.1812844762383913,27,1,0.017543859649122806,1.0,-4.0,2,0.03508771929824561,2.0,-3.0,2,0.03508771929824561,2.0,-3.0,3,0.05263157894736842,3.0,-2.0,4,0.07017543859649122,4.0,-1.0,incipient > intensification > mature > decay,,,,,,
real,20204655,defaults,,,57,0.24407949314083807,0.24531024796800116,iii_caseB_startsIt,True,0,0,3,intensification > mature > decay,True,True,9,0.15789473684210525,9.0,0.55888224277618,0.29244464359603634,22,0,0.0,0.0,-9.0,0,0.0,0.0,-9.0,0,0.0,0.0,-9.0,0,0.0,0.0,-9.0,3,0.05263157894736842,3.0,-6.0,incipient > intensification > mature > decay,,,,,,
real,20205386,author,,,100,0.1279984198693671,0.08126467104365566,iii_caseB_startsIt,True,0,0,6,intensification > mature > decay > intensification > mature > decay,True,True,3,0.03,3.0,0.687935569599213,0.7153598506619657,6,0,0.0,0.0,-3.0,0,0.0,0.0,-3.0,1,0.01,1.0,-2.0,1,0.01,1.0,-2.0,2,0.02,2.0,-1.0,incipient > intensification > mature > decay,,,,,,
real,20205386,defaults,,,100,0.5943598640845849,0.3305223167379176,iii_caseB_startsIt,True,0,0,3,intensification > mature > decay,True,True,9,0.09,9.0,0.7973726490590763,0.6914988898085948,22,0,0.0,0.0,-9.0,0,0.0,0.0,-9.0,0,0.0,0.0,-9.0,0,0.0,0.0,-9.0,0,0.0,0.0,-9.0,incipient > intensification > mature > decay,,,,,,
real,20206498,author,,,133,0.016780038910589063,0.02693016361290378,iv_caseC_startsD,False,0,0,3,decay > intensification > decay,True,False,-1,,,,0.16895155661199082,86,2,0.015037593984962405,2.0,,8,0.06015037593984962,8.0,,8,0.06015037593984962,8.0,,9,0.06766917293233082,9.0,,10,0.07518796992481203,10.0,,decay > intensification,,,,,,
real,20206498,defaults,,,133,0.8048409668321287,0.36091693727447993,iii_caseB_startsIt,True,0,0,6,intensification > mature > decay > intensification > mature > decay,True,True,8,0.06015037593984962,8.0,0.9199402794167665,0.8897066553084585,18,0,0.0,0.0,-8.0,0,0.0,0.0,-8.0,0,0.0,0.0,-8.0,0,0.0,0.0,-8.0,0,0.0,0.0,-8.0,incipient > intensification > mature > decay,,,,,,
real,20207822,author,,,162,0.1105002001907487,0.032629293579247466,iii_caseB_startsIt,True,0,0,3,intensification > mature > decay,True,True,3,0.018518518518518517,3.0,0.6021443918312025,0.5249221537910456,39,0,0.0,0.0,-3.0,0,0.0,0.0,-3.0,1,0.006172839506172839,1.0,-2.0,1,0.006172839506172839,1.0,-2.0,2,0.012345679012345678,2.0,-1.0,incipient > intensification > mature > decay > residual,,,,,,
real,20207822,defaults,,,162,0.5859198736980835,0.2079574880507805,iii_caseB_startsIt,True,0,0,3,intensification > mature > decay,True,True,13,0.08024691358024691,13.0,0.807477536009988,0.710502275254501,30,0,0.0,0.0,-13.0,0,0.0,0.0,-13.0,0,0.0,0.0,-13.0,0,0.0,0.0,-13.0,0,0.0,0.0,-13.0,incipient > intensification > mature > decay,,,,,,
synthetic,ItMD_clean,author,designed_Ic,3.0,66,0.029902336923924248,0.02577959579058937,iii_caseB_startsIt,True,0,0,3,intensification > mature > decay,True,True,6,0.09090909090909091,18.0,0.4621224346443217,0.17568755467706176,14,1,0.015151515151515152,3.0,-5.0,2,0.030303030303030304,6.0,-4.0,3,0.045454545454545456,9.0,-3.0,4,0.06060606060606061,12.0,-2.0,5,0.07575757575757576,15.0,-1.0,incipient > intensification > mature > decay,3.0,-2.0,-1.0,0.0,1.0,2.0
synthetic,ItMD_clean,defaults,designed_Ic,3.0,66,0.34373076534993663,0.19261213934773763,iii_caseB_startsIt,True,0,0,3,intensification > mature > decay,True,True,6,0.09090909090909091,18.0,0.6505459490062697,0.4491291006760614,14,0,0.0,0.0,-6.0,0,0.0,0.0,-6.0,0,0.0,0.0,-6.0,0,0.0,0.0,-6.0,0,0.0,0.0,-6.0,incipient > intensification > mature > decay,3.0,-3.0,-3.0,-3.0,-3.0,-3.0
synthetic,IcItMD_residual_noisy,author,designed_Ic,3.0,66,0.04652312702575803,0.021220133254276928,iii_caseB_startsIt,True,0,0,3,intensification > mature > decay,True,True,5,0.07575757575757576,15.0,0.5184489248657923,0.25875700350768865,32,1,0.015151515151515152,3.0,-4.0,2,0.030303030303030304,6.0,-3.0,2,0.030303030303030304,6.0,-3.0,3,0.045454545454545456,9.0,-2.0,4,0.06060606060606061,12.0,-1.0,incipient > intensification > mature > decay > residual,2.0,-2.0,-1.0,-1.0,0.0,1.0
synthetic,IcItMD_residual_noisy,defaults,designed_Ic,3.0,66,0.4623259521485524,0.19082258761681628,iii_caseB_startsIt,True,0,0,3,intensification > mature > decay,True,True,5,0.07575757575757576,15.0,0.715075170326043,0.5762396456669623,32,0,0.0,0.0,-5.0,0,0.0,0.0,-5.0,0,0.0,0.0,-5.0,0,0.0,0.0,-5.0,0,0.0,0.0,-5.0,incipient > intensification > mature > decay > residual,2.0,-3.0,-3.0,-3.0,-3.0,-3.0
synthetic,ItMD_noisy,author,expected_Ic,,66,0.06801790986290292,0.03125169417536749,iii_caseB_startsIt,True,0,0,3,intensification > mature > decay,True,True,5,0.07575757575757576,15.0,0.6386473726719414,0.33931843898390723,11,0,0.0,0.0,-5.0,1,0.015151515151515152,3.0,-4.0,2,0.030303030303030304,6.0,-3.0,2,0.030303030303030304,6.0,-3.0,3,0.045454545454545456,9.0,-2.0,incipient > intensification > mature > decay,,,,,,
synthetic,ItMD_noisy,defaults,expected_Ic,,66,0.3979354239793449,0.1975092624339503,iii_caseB_startsIt,True,0,0,3,intensification > mature > decay,True,True,6,0.09090909090909091,18.0,0.7027180541856164,0.5040064728067686,13,0,0.0,0.0,-6.0,0,0.0,0.0,-6.0,0,0.0,0.0,-6.0,0,0.0,0.0,-6.0,0,0.0,0.0,-6.0,incipient > intensification > mature > decay,,,,,,
synthetic,IcDItMD_noisy,author,expected_Ic,,66,0.09507004409832641,0.05129212576203734,iv_caseC_startsD,True,0,0,4,decay > intensification > mature > decay,True,True,4,0.06060606060606061,12.0,0.6875388814023081,0.44855391393695615,8,0,0.0,0.0,-4.0,1,0.015151515151515152,3.0,-3.0,1,0.015151515151515152,3.0,-3.0,2,0.030303030303030304,6.0,-2.0,2,0.030303030303030304,6.0,-2.0,incipient > decay > intensification > mature,,,,,,
synthetic,IcDItMD_noisy,defaults,expected_Ic,,66,0.509055342471548,0.38722128405366196,iv_caseC_startsD,True,0,0,4,decay > intensification > mature > decay,True,True,4,0.06060606060606061,12.0,0.6489361605225078,0.5935816610263426,29,0,0.0,0.0,-4.0,0,0.0,0.0,-4.0,0,0.0,0.0,-4.0,0,0.0,0.0,-4.0,0,0.0,0.0,-4.0,incipient > decay > intensification > mature,,,,,,
synthetic,IcDItMD_residual_noisy,author,expected_Ic,,66,0.10837065116043747,0.07032528982882742,iv_caseC_startsD,True,0,0,4,decay > intensification > mature > decay,True,True,3,0.045454545454545456,9.0,0.6015071462873742,0.49611643974182273,7,0,0.0,0.0,-3.0,0,0.0,0.0,-3.0,1,0.015151515151515152,3.0,-2.0,1,0.015151515151515152,3.0,-2.0,2,0.030303030303030304,6.0,-1.0,incipient > decay > intensification > mature > residual,,,,,,
synthetic,IcDItMD_residual_noisy,defaults,expected_Ic,,66,0.5641350945041057,0.25191199787811336,iv_caseC_startsD,True,0,0,4,decay > intensification > mature > decay,True,True,3,0.045454545454545456,9.0,0.6348185130282631,0.6213512038852239,43,0,0.0,0.0,-3.0,0,0.0,0.0,-3.0,0,0.0,0.0,-3.0,0,0.0,0.0,-3.0,0,0.0,0.0,-3.0,incipient > decay > intensification > mature > residual,,,,,,
synthetic,DItMD_noisy,author,no_Ic,,66,0.1474736297294187,0.023998332416727598,iv_caseC_startsD,True,0,0,4,decay > intensification > mature > decay,True,True,3,0.045454545454545456,9.0,0.76938367547921,0.613358604744975,5,0,0.0,0.0,-3.0,0,0.0,0.0,-3.0,1,0.015151515151515152,3.0,-2.0,1,0.015151515151515152,3.0,-2.0,2,0.030303030303030304,6.0,-1.0,incipient > decay > intensification > mature,,,,,,
synthetic,DItMD_noisy,defaults,no_Ic,,66,0.32787798507128596,0.2735156969876874,iv_caseC_startsD,False,0,0,4,decay > intensification > mature > decay,True,False,-1,,,,0.30737042346344345,49,0,0.0,0.0,,0,0.0,0.0,,0,0.0,0.0,,0,0.0,0.0,,0,0.0,0.0,,decay > intensification > mature,,,,,,
synthetic,DItMD_residual_noisy,author,no_Ic,,66,0.1500248982006538,0.036134136730861174,iv_caseC_startsD,True,0,0,4,decay > intensification > mature > decay,True,True,3,0.045454545454545456,9.0,0.7784428646642344,0.6184783459313313,5,0,0.0,0.0,-3.0,0,0.0,0.0,-3.0,0,0.0,0.0,-3.0,1,0.015151515151515152,3.0,-2.0,2,0.030303030303030304,6.0,-1.0,incipient > decay > intensification > mature > residual,,,,,,
synthetic,DItMD_residual_noisy,defaults,no_Ic,,66,0.24140287575700226,0.2728376058475962,iv_caseC_startsD,False,0,0,4,decay > intensification > mature > decay,True,False,-1,,,,0.1994207662446668,38,0,0.0,0.0,,0,0.0,0.0,,0,0.0,0.0,,0,0.0,0.0,,12,0.18181818181818182,36.0,,decay > intensification > mature > residual,,,,,,
synthetic,IcItMD_ItMD_noisy,author,designed_Ic,3.0,66,0.07099309969085549,0.09582107271894792,iii_caseB_startsIt,True,0,0,6,intensification > mature > decay > intensification > mature > decay,True,True,4,0.06060606060606061,12.0,0.551328874931489,0.35654933054657895,26,0,0.0,0.0,-4.0,1,0.015151515151515152,3.0,-3.0,2,0.030303030303030304,6.0,-2.0,2,0.030303030303030304,6.0,-2.0,3,0.045454545454545456,9.0,-1.0,incipient > intensification > mature > decay,1.0,-3.0,-2.0,-1.0,-1.0,0.0
synthetic,IcItMD_ItMD_noisy,defaults,designed_Ic,3.0,66,0.7025432350513782,0.6487442280255344,iii_caseB_startsIt,True,0,0,6,intensification > mature > decay > intensification > mature > decay,True,True,4,0.06060606060606061,12.0,0.8803863489552816,0.8102035856603108,8,0,0.0,0.0,-4.0,0,0.0,0.0,-4.0,0,0.0,0.0,-4.0,0,0.0,0.0,-4.0,0,0.0,0.0,-4.0,incipient > intensification > mature > decay,1.0,-3.0,-3.0,-3.0,-3.0,-3.0
synthetic,ItMD_ItMD_noisy,author,expected_Ic,,66,0.12476616515269738,0.10250024314205895,iii_caseB_startsIt,True,0,0,6,intensification > mature > decay > intensification > mature > decay,True,True,3,0.045454545454545456,9.0,0.6714894875144699,0.5462634304788508,7,0,0.0,0.0,-3.0,0,0.0,0.0,-3.0,1,0.015151515151515152,3.0,-2.0,1,0.015151515151515152,3.0,-2.0,2,0.030303030303030304,6.0,-1.0,incipient > intensification > mature > decay,,,,,,
synthetic,ItMD_ItMD_noisy,defaults,expected_Ic,,66,0.6994054340523265,0.7205803023895686,iii_caseB_startsIt,True,0,0,6,intensification > mature > decay > intensification > mature > decay,True,True,3,0.045454545454545456,9.0,0.7858125754415958,0.7690212155576254,57,0,0.0,0.0,-3.0,0,0.0,0.0,-3.0,0,0.0,0.0,-3.0,0,0.0,0.0,-3.0,0,0.0,0.0,-3.0,incipient > intensification > mature > decay,,,,,,
synthetic,IcIt_observational,author,designed_Ic,6.0,66,0.002368346027655889,0.02663939950581369,i_catch_all_only,False,4,4,1,intensification,True,True,4,0.06060606060606061,12.0,0.002642998314787905,0.0061168071455426605,36,7,0.10606060606060606,21.0,3.0,8,0.12121212121212122,24.0,4.0,10,0.15151515151515152,30.0,6.0,11,0.16666666666666666,33.0,7.0,13,0.19696969696969696,39.0,9.0,incipient > intensification,-2.0,1.0,2.0,4.0,5.0,7.0
synthetic,IcIt_observational,defaults,designed_Ic,6.0,66,0.047011641727427056,0.13316502513919296,i_catch_all_only,False,0,0,1,intensification,True,False,-1,,,,0.07754578142816311,36,1,0.015151515151515152,3.0,,5,0.07575757575757576,15.0,,7,0.10606060606060606,21.0,,8,0.12121212121212122,24.0,,11,0.16666666666666666,33.0,,intensification,,-5.0,-1.0,1.0,2.0,5.0
synthetic,quase_ItD,author,expected_Ic,,66,0.04912906078848247,0.04912906078848205,iii_caseB_startsIt,True,0,0,3,intensification > mature > decay,True,True,7,0.10606060606060606,21.0,0.6344218358745936,0.24777767748784008,16,1,0.015151515151515152,3.0,-6.0,2,0.030303030303030304,6.0,-5.0,2,0.030303030303030304,6.0,-5.0,3,0.045454545454545456,9.0,-4.0,4,0.06060606060606061,12.0,-3.0,incipient > intensification > mature > decay,,,,,,
synthetic,quase_ItD,defaults,expected_Ic,,66,0.27056540987899963,0.27056540987900535,iii_caseB_startsIt,True,0,0,3,intensification > mature > decay,True,True,7,0.10606060606060606,21.0,0.6100488807742481,0.3622838479061096,17,0,0.0,0.0,-7.0,0,0.0,0.0,-7.0,0,0.0,0.0,-7.0,0,0.0,0.0,-7.0,2,0.030303030303030304,6.0,-5.0,incipient > intensification > mature > decay,,,,,,
synthetic,IcItMD_residual_clean,author,designed_Ic,3.0,66,0.04714829086823497,0.02415497582919467,iii_caseB_startsIt,True,0,0,3,intensification > mature > decay,True,True,5,0.07575757575757576,15.0,0.5236268707946763,0.2611709901028162,32,1,0.015151515151515152,3.0,-4.0,2,0.030303030303030304,6.0,-3.0,2,0.030303030303030304,6.0,-3.0,3,0.045454545454545456,9.0,-2.0,4,0.06060606060606061,12.0,-1.0,incipient > intensification > mature > decay > residual,2.0,-2.0,-1.0,-1.0,0.0,1.0
synthetic,IcItMD_residual_clean,defaults,designed_Ic,3.0,66,0.4673439130313515,0.19255250476721789,iii_caseB_startsIt,True,0,0,3,intensification > mature > decay,True,True,5,0.07575757575757576,15.0,0.7217672445755404,0.5820186406184319,32,0,0.0,0.0,-5.0,0,0.0,0.0,-5.0,0,0.0,0.0,-5.0,0,0.0,0.0,-5.0,0,0.0,0.0,-5.0,incipient > intensification > mature > decay > residual,2.0,-3.0,-3.0,-3.0,-3.0,-3.0
