section,parameter,params-track,package default,
filter_params,``use_filter``,``True``,``'auto'``,**differs**
filter_params,``cutoff_low``,``168``,``168``,same
filter_params,``cutoff_high``,``18``,``18.0``,same
filter_params,``replace_endpoints_with_lowpass``,``0``,``0``,same
filter_params,``use_smoothing``,``False``,``False``,same
filter_params,``use_smoothing_twice``,``False``,``False``,same
filter_params,``savgol_polynomial``,``3``,``3``,same
filter_params,``boundary_padding``,``'edge'``,``'reflect'``,**differs**
phase_params,``threshold_intensification_length``,``0.075``,``0.075``,same
phase_params,``threshold_intensification_gap``,``0.075``,``0.075``,same
phase_params,``threshold_mature_distance``,``0.18``,``0.18``,same
phase_params,``threshold_mature_length``,``0.15``,``0.15``,same
phase_params,``threshold_decay_length``,``0.075``,``0.075``,same
phase_params,``threshold_decay_gap``,``0.075``,``0.075``,same
phase_params,``threshold_incipient_length``,``0.4``,``0.4``,same
phase_params,``prominence_relative``,``0.3``,``0.3``,same
phase_params,``mature_amplitude_fraction``,``0.9``,``0.9``,same
phase_params,``mature_min_depth``,``0.8``,``0.8``,same
phase_params,``intensification_min_depth``,``0.05``,``0.05``,same
phase_params,``decay_tail_amplitude_fraction``,``0.3``,``0.3``,same
phase_params,``incipient_plateau_tau``,``0.2``,``0.2``,same
phase_params,``incipient_plateau_k``,``5``,``5``,same
phase_params,``incipient_smooth_window``,``5.0``,``5``,same
phase_params,``incipient_smooth_polyorder``,``3.0``,``3``,same
phase_params,``length_scale``,``'local'``,``'local'``,same
phase_params,``mature_method``,``'amplitude'``,``'amplitude'``,same
phase_params,``incipient_method``,``'plateau'``,``'plateau'``,same
phase_params,``incipient_plateau_signal``,``'vorticity'``,``'vorticity'``,same
phase_params,``incipient_plateau_crossing``,``'sustained'``,``'sustained'``,same
phase_params,``reclassify_index0``,``True``,``True``,same
phase_params,``incipient_plateau_spare_intensification``,``True``,``True``,same
